,lambda_all,alpha_all,weight_1_all,alpha_1_all,alpha_2_all,alpha_me_all,rmse_all,lambda_monthly,alpha_monthly,weight_1_monthly,alpha_1_monthly,alpha_2_monthly,alpha_me_monthly,rmse_monthly,lambda_seasonal,alpha_seasonal,weight_1_seasonal,alpha_1_seasonal,alpha_2_seasonal,alpha_me_seasonal,rmse_seasonal
02236350,0.22225124053277617,15.966135,0.9541794932937818,16.534954605174555,0.44892320919159756,15.797884495718481,3.7550834746297217,"[0.26246334 0.26468222 0.26026393 0.23560606 0.28519062 0.61136364
 0.67521994 0.69501466 0.53409091 0.28958944 0.24545455 0.24538064]","[ 8.18448067  8.22318268 10.74274826  9.4880991   9.78973675 11.75027847
  9.49079514  9.36640167 10.34319687  8.02770615  8.25091362  8.6327343 ]","[0.7        0.7        0.7        0.7        0.80843799 0.99
 0.83117773 0.7        0.77008762 0.7        0.7        0.7       ]","[ 9.26693924  9.29963195 12.19275373 10.2290066  10.20090117 11.75027847
  9.49079514  9.36640167 11.88390233  9.12305851  9.87646569 10.34847029]","[ 6.54758453  6.57854614  8.59419861  7.59047928  7.8317894  11.75027847
  9.49079514  9.36640167  8.2745575   6.42216492  6.60073639  6.90618744]","[ 7.36339095  7.39487189  9.67376514  8.38203748  8.2856212  11.75027847
  9.49079514  9.36640167  9.10439056  7.232433    7.58345518  7.9388723 ]","[2.5785075  2.94293645 2.74674296 1.91472646 1.1307203  1.99984367
 1.40738254 0.76474063 6.83185832 3.77010368 6.74952767 4.72852691]",[0.26240242 0.37637363 0.63586957 0.26034184],[ 9.06827927 10.77735996  9.67844868  8.28763771],[0.7  0.7  0.99 0.7 ],[10.4378976  10.77735996  9.67844868  9.75750257],[ 7.25462341 10.77735996  8.50965051  6.63011017],[ 8.20960567 10.77735996  8.52133849  7.56832789],[2.566374   1.01144067 3.48695107 4.78057673]
02237734,0.21224609949955844,17.248959,0.9900989196617467,17.248958587646484,0.2107828860953273,17.080262241208153,4.685773508358847,"[0.24853372 0.25824618 0.23900293 0.21818182 0.26099707 0.55606061
 0.60483871 0.59824047 0.47651515 0.27419355 0.25       0.22616408]","[ 9.25692844  9.28137589 12.86759758 10.74186897 11.15137863 11.87279987
 10.23497677 10.29335213 10.88305283  9.00281334  8.17469788  9.24840927]","[0.7        0.7        0.70365473 0.74603562 0.7        0.99
 0.74547031 0.7        0.7        0.71907114 0.76363393 0.7       ]","[10.30559727 10.00285863 13.75663608 11.64042544 12.83876415 11.87279987
 10.23497677 10.29335213 12.10749974 10.00526105  9.35329413 10.69216446]","[ 7.40554276  7.42510071 10.29407806  8.59349518  8.92110291 11.87149616
 10.23497677 10.29335213  8.70644226  7.20225067  6.5397583   7.39872742]","[ 8.27555911  8.19842808 11.32019076  9.36730693 10.09640128 11.8715092
 10.23497677 10.29335213  9.72675951  7.98969717  7.20478271  8.38675853]","[2.44324375 1.46978051 2.19927466 2.77475546 1.85177881 2.25092942
 1.7341361  3.59311092 6.82598766 2.37730478 6.23892744 3.33523743]",[0.24830018 0.34415584 0.56077075 0.25018578],[10.4586792  11.45006084 10.43553734  8.80664921],[0.72785126 0.99       0.97950732 0.7       ],[11.98682599 11.45006084 10.43553734 10.08950423],[ 8.36694336 11.45006084  9.90460386  7.04533791],[ 9.35208986 11.45006084  9.9154841   7.9585878 ],[1.51096503 1.47991285 4.03448158 3.70667409]
02236500,0.21952291964383863,16.719965,0.9528394709543071,17.57430494546811,0.3173303277238635,16.760456892767195,3.080199645819649,"[0.26246334 0.26387772 0.26026393 0.23560606 0.28519062 0.61136364
 0.67375367 0.69501466 0.53333333 0.28958944 0.24545455 0.24538064]","[ 8.18829632  8.24875164 10.74842262  9.48540211  9.79507351 11.75046253
  9.50710392  9.36571407 10.35115337  8.02729702  8.25578594  8.63555813]","[0.7        0.7        0.7        0.76210076 0.70982477 0.99
 0.80120584 0.7        0.7        0.7        0.7        0.7       ]","[ 9.37085807  9.59886022 12.7260938  10.7358918  10.49592608 11.75046253
  9.50735019  9.36623362 11.53522129  8.96929356  9.96621316 10.3166758 ]","[ 6.55063705  6.59900131  8.5987381   7.58832169  7.83605881 11.75046253
  9.5070411   9.36571407  8.2809227   6.42183762  6.60462875  6.9084465 ]","[ 7.39670336  7.49895898  9.83694481  8.33712621  8.60788641 11.75046253
  9.50710254  9.36586994  9.25721228  7.1860744   7.61310408  7.93091529]","[2.51766369 2.77862715 2.44634004 1.61826273 1.12278047 1.99100733
 1.42277619 0.75875597 6.96279928 3.83758711 6.74536861 4.75668068]",[0.26215059 0.37637363 0.63512846 0.26034184],[ 9.08039474 10.7782793   9.68609047  8.28987789],[0.7  0.7  0.99 0.7 ],[10.37252505 10.7793117   9.68609047  9.71240079],[ 7.2643158  10.7782793   8.57250362  6.63190231],[ 8.19677857 10.77858902  8.58363949  7.55605186],[2.6044905  1.00337679 3.4959319  4.82089598]
02236605,0.2021989348909122,17.6478,0.9928619109557563,17.751520276741886,0.22877377661353315,17.62644135192426,2.443493486483336,"[0.22214076 0.2300885  0.22360704 0.19393939 0.23240469 0.525
 0.56818182 0.57771261 0.4280303  0.23826979 0.20681818 0.19881744]","[10.11650944  9.54386902 12.83291245 11.23096657 11.94539261 13.52387142
 10.96640587 11.22994423 12.09383106  9.33864498  9.73159695 10.88387012]","[0.7577547  0.7        0.73837559 0.7319629  0.94299486 0.78704176
 0.99       0.99       0.7        0.70000007 0.7        0.7       ]","[10.998701   10.09314077 14.55902058 12.19258801 11.94539261 13.52387142
 10.96640587 11.22994423 14.19286807 10.46493204 11.07450487 13.25965159]","[ 8.09320755  7.91639633 10.26632996  8.98477325 11.94403502 13.52387142
 10.96640587 11.22994423  9.67506485  7.47091599  7.78527756  8.7070961 ]","[ 8.79704969  8.56941966 11.3894026   9.84458662 11.94411241 13.52387142
 10.96640587 11.22994423 11.03040582  8.36912059  8.77204575 10.07286275]","[2.37744875 2.63672881 1.59262948 1.15608528 0.58365705 1.80257706
 1.75146164 1.07367051 7.11621606 3.55143902 9.77627087 4.47846331]",[0.22513221 0.31618382 0.5256917  0.21476344],[10.86005306 12.66497612 11.36333561  9.94180584],[0.7  0.99 0.7  0.7 ],[11.49816866 12.66497612 11.61411886 11.62027411],[ 8.68804245 12.66497612 10.62572163  7.95344467],[ 9.53108031 12.66497612 10.9222408   9.0534935 ],[2.26368765 1.03047352 3.58846324 5.71689902]
02236700,0.16558741905642924,18.818169,0.9407480196098078,19.92289900703014,1.6192203891084216,18.838369800492664,2.374523326634794,"[0.22214076 0.2300885  0.22360704 0.19393939 0.23240469 0.525
 0.56818182 0.57771261 0.4280303  0.23826979 0.20681818 0.19881744]","[10.11650944  9.54386902 12.83291245 11.23096657 11.94539261 13.52387142
 10.96640587 11.22994423 12.09383106  9.33864498  9.73159695 10.88387012]","[0.72677673 0.7        0.74025055 0.7        0.88226375 0.7
 0.7        0.7        0.72591281 0.70000018 0.70034254 0.7       ]","[11.33474428 10.62257534 13.51898267 12.23377825 11.94539261 13.52387142
 10.96640587 11.22994423 12.49582293 10.04518835 11.65730533 12.5580547 ]","[ 8.09320755  7.63509521 10.59637372  8.98477325 11.94539261 13.52387142
 10.96640587 11.22994423  9.67506485  7.47091599  7.78527756  8.7070961 ]","[ 8.97887083  8.53133925 11.35551978  9.95947475 11.94539261 13.52387142
 10.96640587 11.22994423 10.44819849  8.24319723  8.94555957  9.86238368]","[2.23476565 2.35567941 2.15108327 1.17156355 0.58366717 1.80257706
 1.75146164 1.07367051 7.56046847 3.79860097 9.49378204 4.84540049]",[0.22513221 0.31618382 0.5256917  0.21476344],[10.86005306 12.66497612 11.36333561  9.94180584],[0.7        0.95488171 0.88187341 0.7       ],[12.22725017 12.66497612 11.3634946  11.72820331],[ 8.68804245 12.66497612 11.36333561  7.95344467],[ 9.74980477 12.66497612 11.36335439  9.08587226],[1.75886796 1.03047352 3.59833998 5.66112245]
02240954,0.18729763387297635,19.794428,0.999,19.795412246669244,19.7944278717041,19.79541126229428,2.1362110209031573,"[0.26612903 0.27916331 0.26539589 0.21287879 0.23313783 0.51363636
 0.55791789 0.57624633 0.41666667 0.23387097 0.21969697 0.23503326]","[10.77573586 10.98721123 13.83133507 11.97672939 11.32024956 13.24600124
 10.83122921 10.86926842 11.43605328  9.9584856   9.04619598 10.56836128]","[0.74135684 0.84465502 0.80432576 0.75609738 0.99       0.72642891
 0.99       0.9088415  0.70127761 0.72552676 0.7        0.7       ]","[11.51749313 10.98721123 14.35505122 13.06552297 11.32024956 14.20274692
 10.83122921 10.86926842 12.76118855 11.45764479 10.09758272 12.19240412]","[ 8.62058868  8.78976898 11.06506805  9.58138351  9.05619965 10.59680099
 10.83122921 10.86926842  9.14884262  7.96678848  7.23695679  8.63552484]","[ 9.3698532   9.1311306  11.70883302 10.43117425  9.07884015 11.58328355
 10.83122921 10.86926842 10.22793124  8.92493512  8.09514457  9.70258862]","[1.53386226 2.83879125 3.14380715 3.70406295 0.91660594 3.89277603
 2.45128658 1.40417354 9.02796314 3.83525685 2.82804119 5.96272699]",[0.26995719 0.31893107 0.5180336  0.22962596],[11.87602425 12.48714924 11.00412083  9.88230038],[0.71739685 0.7        0.80797895 0.70024501],[13.15721539 13.62278029 11.39435141 11.17321514],[9.5008194  9.98971939 8.80329666 7.9058583 ],[10.53412842 11.07963766  9.30083371  8.88526483],[1.92942914 2.88240406 4.54363352 4.12392745]
02240902,0.19539227895392278,18.579884,0.9970940965668094,18.579883575439453,0.2973507115294441,18.526756300422797,1.8137144038354698,"[0.28079179 0.29123089 0.27272727 0.23106061 0.25806452 0.53939394
 0.60483871 0.61510264 0.45151515 0.25659824 0.23863636 0.24833703]","[ 9.79971027 10.34981251 13.13146877 11.0658617  10.45765114 12.0838213
  9.74311066  9.74930382 10.87402439  8.82649994  8.33979034  9.91543865]","[0.7        0.71184509 0.70952824 0.75623906 0.72075044 0.76158161
 0.73011671 0.81125439 0.7        0.7        0.7        0.7       ]","[10.99662144 11.83203239 14.99889944 12.43408785 11.36448069 13.11618507
  9.74327242  9.74930382 12.2680403   9.95670396  9.69077569 10.93730414]","[ 7.83976822  8.27985001 10.50517502  8.85268936  8.36612091  9.66705704
  9.74311066  9.74930382  8.69921951  7.06119995  6.67183228  7.93235092]","[ 8.78682418  9.30342881 11.81047508  9.72569442  9.20341157 10.48939259
  9.74315431  9.74930382  9.76986575  7.92985115  7.5775153   8.83383689]","[1.89765939 2.38499736 1.75692616 3.32045757 0.65502006 4.93860827
 1.87030876 0.9194789  8.59450678 3.9625625  2.60658453 5.56874329]",[0.28128935 0.34190809 0.5583004  0.2479564 ],[11.08758068 11.43890572 10.04365063  9.03885651],[0.7 0.7 0.7 0.7],[12.2778539  12.33430944 10.73739723 10.35868519],[8.87006454 9.15112457 8.05710453 7.23108521],[ 9.89240135 10.10608003  8.86119234  8.1693652 ],[1.95702469 3.65725814 4.30096235 3.78839589]
02231342,0.21149695899548754,18.78524,0.9494849129840366,19.550589376438317,0.20416863004406494,18.57330324898677,5.638795525648159,"[0.23826979 0.23491553 0.23167155 0.22348485 0.26539589 0.53030303
 0.52492669 0.54252199 0.52272727 0.33577713 0.26969697 0.23651146]","[ 7.85432243  9.77981663 12.27202225 11.03482819 12.43562794 13.71550179
 11.53033924 11.7169857  12.2666893  11.25582695  8.70056057  8.04656029]","[0.7        0.7278682  0.7        0.83588578 0.7        0.99
 0.9899905  0.7        0.7        0.7        0.7        0.70000011]","[ 8.92737658 11.28468777 13.55898992 11.03494396 13.15746541 13.71550179
 11.53033924 11.7169857  13.27831204 12.79970336 10.83820743  9.55368606]","[ 6.28345795  7.8238533   9.81763974 11.03482819 10.36193558 13.71550179
 11.50757792 11.7169857   9.81335144  9.00466156  6.96044846  6.43724823]","[ 7.07663354  8.76565643 10.94004479 11.03484719 11.20059453 13.71550179
 11.50780575 11.7169857  10.85283962 10.1431741   8.12377615  7.37217925]","[2.73864105 3.97839451 2.68807781 1.07908733 4.891072   2.22058807
 1.8140741  4.58579678 3.56026299 2.99580976 6.01837039 3.75552695]",[0.23495341 0.33891109 0.53013834 0.28090166],[ 9.95318508 12.79132175 11.83145714  9.54803181],[0.70000008 0.99       0.90893271 0.7       ],[11.30870556 12.79132175 11.83145714 10.98760688],[ 7.9625492  12.79132175 11.83145714  7.63842545],[ 8.96639584 12.79132175 11.83145714  8.64317988],[2.73962106 2.14029872 3.19315274 4.12171399]
02231396,0.22678734872368556,17.921873,0.9114076267609911,19.55211928889177,0.46645644836396427,17.861275123009847,3.282247987764377,"[0.26686217 0.25341915 0.24486804 0.24090909 0.29985337 0.57727273
 0.59237537 0.61656891 0.56893939 0.37609971 0.3030303  0.27864006]","[ 7.1578598   8.81894875 11.24751472 10.05605984 10.24768353 12.25601292
 10.24458981 10.50181293 11.31728745  9.34825039  7.65985584  7.07055712]","[0.7        0.7        0.7        0.99       0.7        0.70000006
 0.70000002 0.95503772 0.7        0.7        0.7        0.7       ]","[ 9.29519322 10.5821267  13.13665965 10.05605984 11.64540118 12.25601292
 10.24459225 10.52743409 12.38177864 10.60638835  9.38839268  8.30347255]","[ 5.72629527  7.055159    8.99801178  8.04484787  8.2296495  12.25601292
 10.24458981  8.40145035  9.05382996  7.47860031  6.12788467  5.65644569]","[ 6.79696466  8.11324931 10.23960614  8.06495999  9.25437501 12.25601292
 10.24459054  8.49703942 10.05221456  8.41693672  7.10603708  6.45055375]","[2.12319943 1.69315274 2.09904834 1.09113094 2.0268527  1.96942409
 1.81666763 4.75125614 3.40525541 5.60517843 6.22262161 3.4574591 ]",[0.25509947 0.37187812 0.59288538 0.31954422],[ 9.02280331 11.23452759 10.67039108  8.15906525],[0.7  0.7  0.99 0.7 ],[10.24642962 11.23452759 10.67039108  9.58382022],[ 7.21824265 11.23452759  9.08907472  6.5272522 ],[ 8.12669874 11.23452759  9.10488788  7.4442226 ],[2.27641785 1.13418939 3.18896303 4.93271095]
02231454,0.2018011394964161,20.41201,0.9640181132045037,21.205173473703642,0.36764911520387744,20.455400031137707,3.3958686360850865,"[0.24340176 0.23411102 0.228739   0.21439394 0.26832845 0.5030303
 0.49120235 0.53005865 0.51590909 0.35043988 0.27727273 0.25498891]","[ 8.44609547  9.90829563 12.60676575 11.57309723 12.285079   13.59413528
 12.04963875 11.85823631 12.97178459 11.65481091 10.3000946   8.84183311]","[0.72549707 0.7        0.70961341 0.7        0.73177234 0.81617274
 0.7        0.99       0.7        0.7046299  0.7        0.7       ]","[ 9.19366454 10.71843113 13.57125942 11.57373724 12.92865201 13.59413528
 12.04963875 11.85891932 14.47770523 13.0846943  12.26882726 10.19274819]","[ 6.75707395  7.92663651 10.53462265 11.57309723  9.92892317 13.59413528
 12.04963875 10.81665332 10.44435908  9.32384872  8.24007568  7.07346649]","[ 7.42592521  8.76417489 11.41642125 11.57328923 10.73353341 13.59413528
 12.04963875 10.82707598 11.65436293 10.43469007  9.44870116  8.009251  ]","[2.28392896 0.97028489 4.02297841 1.53457326 2.56617545 1.33174643
 2.50666966 5.47930389 5.00071464 6.70072088 8.76926128 3.48736502]",[0.23545706 0.32792208 0.51235178 0.29452564],[10.28954887 12.79362583 12.28570271 10.42158794],[0.82305889 0.7        0.99       0.7       ],[10.70779356 12.79362583 12.28570271 12.00288612],[ 8.2316391  12.79362583 11.22388957  8.33727036],[ 8.66977261 12.79362583 11.2345077   9.43695509],[2.68455513 1.14229837 4.03447208 6.402336  ]
02231458,0.18440463645943098,22.00157,0.9913140630518125,22.14604001911361,0.23080554254417487,21.95568567424538,3.578433446373897,"[0.23387097 0.22687047 0.22580645 0.21212121 0.2558651  0.49393939
 0.48533724 0.53665689 0.50151515 0.33651026 0.26515152 0.24168514]","[ 8.8100462   9.94108105 12.82112122 11.52245903 12.7868576  13.97622585
 12.42747593 12.18591118 13.1867466  11.72237301 10.41971493  9.20522404]","[0.7        0.94649487 0.74455187 0.7        0.80888495 0.7
 0.7        0.7        0.7        0.77301331 0.7        0.70000101]","[ 9.96242236  9.99919295 13.50838909 11.52245903 12.7868576  13.97622585
 12.42747593 12.69814069 14.27991284 12.72358563 12.23354958 10.93128237]","[ 7.04803696  7.95286484 10.36451259 11.52245903 12.78659077 13.97622585
 12.42747593 10.6825004  10.54939728  9.37789841  8.33577194  7.36417923]","[ 7.92235258  8.0623539  11.16760996 11.52245903 12.78664177 13.97622585
 12.42747593 11.28719249 11.66855195 10.13732489  9.50510523  8.43430656]","[1.98212495 0.86900831 2.43157415 1.55646839 2.37104634 2.35391779
 2.93941623 5.15189728 4.45197577 6.41147859 7.6279604  2.77806329]",[0.22890959 0.31993007 0.50790514 0.28139708],[10.52001476 13.11584854 12.58594418 10.59645939],[0.7        0.81715334 0.99       0.7       ],[11.70178362 13.11584854 12.58594418 12.12908107],[ 8.41601181 13.11584854 12.58594418  8.47716751],[ 9.40174335 13.11584854 12.58594418  9.57274158],[1.49337904 1.60899964 3.72455056 5.61537065]
02231600,0.24101479915433405,16.719398,0.9095950291723786,18.147535081293356,0.3079780945647301,16.534750452330464,4.786175281365132,"[0.28372434 0.29042639 0.27272727 0.26666667 0.31671554 0.62575758
 0.65982405 0.6898827  0.61666667 0.39882698 0.33484848 0.29933481]","[ 7.05285597  7.77133226  9.98359585  8.9911871   9.7595377  10.80803013
  9.34123325  9.54336548 10.56264877  8.20652103  7.18890095  7.09458113]","[0.7        0.70747791 0.7        0.7        0.7207363  0.88617618
 0.94149382 0.72155059 0.7        0.80048181 0.7        0.7       ]","[ 7.64860842  8.74420686 11.48648694  9.83253675 11.30519692 10.80803013
  9.34123325 10.374676   12.08015847  8.77164736  8.8502638   8.39921037]","[ 5.64228477  6.21706581  7.98687668  7.19294968  7.80763016 10.80782588
  9.34123325  7.63469238  8.45011902  6.56521683  5.75112076  5.6756649 ]","[ 6.24418187  6.95631039  9.03675976  7.9848258   8.78437359 10.80784913
  9.34123325  8.3976392   9.53913086  7.00543985  6.68086367  6.49272854]","[3.39039555 2.2703556  2.70802577 1.65578551 2.60098574 0.67420323
 1.18807836 4.98092933 5.61709974 6.0868892  6.18770744 4.22117826]",[0.28204482 0.4020979  0.65587945 0.34456279],[ 8.25786018 10.12947178  9.7873497   7.55941534],[0.7        0.7        0.78373211 0.7       ],[ 9.53598824 11.43449304 10.23480345  8.93160948],[6.60628815 8.10357742 7.82987976 6.04753227],[7.48519818 9.10285211 8.34998754 6.91275544],[2.573236   0.72885501 4.16270431 5.2189942 ]
02232155,0.19919908466819222,19.962208,0.9678332039270084,19.962207794189453,0.893624235427432,19.348832555453953,5.501525412910562,"[0.23167155 0.22284795 0.2170088  0.20606061 0.24046921 0.48712121
 0.50219941 0.521261   0.47121212 0.31744868 0.25833333 0.22690318]","[ 8.26083279 10.52157307 12.25358868 11.13964653 12.6956892  13.26322365
 12.18183613 12.26526356 14.54191971 11.59823895  9.45958519  9.58053398]","[0.7        0.7        0.7        0.7        0.95014165 0.99
 0.99       0.9        0.7        0.70387717 0.7        0.7       ]","[ 9.3962634  11.36897884 13.45970314 12.04725759 12.79060108 13.26322365
 12.18183613 12.26526356 16.05199899 13.08407473 10.72481773 10.85949825]","[ 6.60866623  8.41725845  9.80287094  8.91171722 10.15655136 13.26322365
 12.18183613 11.68120339 11.63353577  9.27859116  7.56766815  7.66442719]","[ 7.44494538  9.30277457 10.8999206   9.85237933 10.28788074 13.26322365
 12.18183613 11.7396094  12.95907473 10.40548173  8.51481302  8.62294851]","[1.61411119 1.59799977 1.89632802 3.330375   2.39164987 2.49553488
 2.52980228 6.22790738 6.85935829 5.78748472 5.56452562 4.00293541]",[0.22387308 0.31043956 0.49851779 0.2677731 ],[10.2946701  12.64877224 12.9386692  10.35058308],[0.74633178 0.7        0.99       0.7       ],[10.97394347 12.64877224 12.9386692  11.69684306],[ 8.23573608 12.64877224 11.7857019   8.28046646],[ 8.93033229 12.64877224 11.79723157  9.30537944],[1.82685601 1.47402188 5.24866672 4.81037071]
02232200,0.2024109589041096,18.822315,0.9763620187998636,19.30222242877003,0.3820735047220921,18.854988304199605,4.473266946490016,"[0.23167155 0.22928399 0.22067449 0.20984848 0.24340176 0.50454545
 0.52932551 0.53592375 0.48409091 0.3101173  0.2530303  0.22764228]","[ 8.13519478  9.63753319 11.90657139 10.7762804  11.65227509 12.47099018
 11.88125038 11.22799206 13.26745605 10.6397295   9.27760029  9.25114727]","[0.70115014 0.7317316  0.80243701 0.72087825 0.72785759 0.7
 0.83951755 0.9        0.7        0.76896277 0.70000157 0.7       ]","[ 9.06764005 10.36543054 12.42799139 11.51868549 12.45339082 12.47099018
 11.88125038 11.22799206 14.28321771 11.32504319 11.03325525 11.1315329 ]","[ 6.50815582  7.71002655  9.52525711  8.62102432  9.32182007 12.47099018
 11.88007924 10.69332577 10.61396484  8.5117836   7.42208023  7.40091782]","[ 7.27305733  8.42238754 10.09872997  9.42982458 10.17405327 12.47099018
 11.88026718 10.7467924  11.7147407   9.1617513   8.50542705  8.52010234]","[2.2684929  1.5119749  2.35003503 3.50377098 1.55348747 2.19386677
 2.07501704 6.02941493 7.45399812 5.6752362  5.70516922 3.25559497]",[0.22714681 0.31843157 0.51679842 0.26380976],[ 9.86839867 11.88961887 12.0763998   9.81096363],[0.7176768 0.99      0.99      0.7      ],[10.72943998 11.88961887 12.0763998  11.22427364],[ 7.89471893 11.88961887 10.54667048  7.8487709 ],[ 8.69502646 11.88961887 10.56196777  8.86142173],[1.97858584 1.3274969  5.24683554 4.65346434]
02232415,0.2421917808219178,17.100094,0.9614814786019041,17.671955735118182,0.24822013157711936,17.00081920243842,6.820668002384689,"[0.24120235 0.24778761 0.23313783 0.22878788 0.26539589 0.56060606
 0.58431085 0.6026393  0.52651515 0.31304985 0.26893939 0.23429416]","[ 8.00972557  8.71392155 11.465662    9.86973858 10.84741783 11.3488636
 10.59657097 10.21968746 12.08965015 10.24570656  8.89006519  9.07111835]","[0.7        0.7        0.7        0.82068404 0.79449733 0.7
 0.99       0.80105164 0.7        0.7        0.7        0.7       ]","[ 8.96958358  9.93199055 13.52207923 10.31794067 11.58401437 11.3488636
 10.59657097 10.35641233 13.52319445 11.63819255 10.56833339 10.07929978]","[ 6.40778046  6.97113724  9.1725296   7.89579086  8.67793427 11.3488636
 10.59657097  9.24454413  9.67172012  8.19656525  7.11205215  7.25689468]","[ 7.17632139  7.85939323 10.47739449  8.33012098  9.2751415  11.3488636
 10.59657097  9.46574848 10.82716242  9.22905344  8.14893653  8.10361621]","[2.30700219 1.98863926 2.16148696 2.52455368 1.11651618 1.70725987
 1.73408452 4.22414122 7.84006376 5.36113592 6.21805511 3.53652193]",[0.24049358 0.35064935 0.57164032 0.27223186],[ 9.38761139 10.90141487 10.91113091  9.46900368],[0.7        0.74363175 0.7        0.7       ],[10.65097267 10.90141487 10.99830146 10.87444371],[ 7.51008911 10.90024194 10.49527832  7.57520294],[ 8.45235418 10.90054265 10.64618527  8.56497517],[2.21602424 0.78760206 4.91521448 4.73476791]
02233001,0.1873450750163079,19.275227,0.9812432029268725,19.275226593017578,0.22844354547243703,18.91796994849889,2.307883636880077,"[0.24266862 0.25020113 0.24340176 0.2280303  0.26539589 0.56969697
 0.60557185 0.61656891 0.52045455 0.30205279 0.25075758 0.23281596]","[ 8.04455566  8.7780962  11.28718281 10.17882633 11.32437897 12.04338646
 10.52445793 10.4325695  12.31423378  9.80053234  9.33366776  8.94406891]","[0.7        0.7        0.7        0.7        0.7        0.70279773
 0.99       0.72444971 0.7197403  0.7        0.7        0.7       ]","[ 9.21434168  9.75550145 12.86842325 11.65612173 12.46609638 12.04338646
 10.52445793 10.4325695  13.46312652 10.52097898 10.96323712 10.29752617]","[ 6.43564453  7.02247696  9.02974625  8.14306107  9.05950317 12.04338646
 10.52445793 10.4325695   9.85138702  7.84042587  7.4669342   7.15525513]","[ 7.26925368  7.84238431 10.18134935  9.19697927 10.08148114 12.04338646
 10.52445793 10.4325695  10.86361207  8.64459181  8.51582508  8.09793644]","[2.43179182 1.90171304 2.28247621 1.0964382  1.22186229 2.03719337
 1.50009232 2.13815412 9.02696539 5.36290771 6.99157824 3.51671958]",[0.24527827 0.3533966  0.58152174 0.2620758 ],[ 9.38406563 11.46281242 11.0139637   9.3994751 ],[0.7        0.74674108 0.99       0.7       ],[10.56024389 11.46281242 11.0139637  10.89289714],[ 7.5072525  11.46281242 10.2913318   7.51958008],[ 8.42314992 11.46281242 10.29855812  8.5315752 ],[2.23301275 0.88244804 4.99097909 4.87802016]
02233200,0.20603638368246968,18.630903,0.001,372.6180648803711,18.630903244018555,18.984890405654905,2.955869794280123,"[0.22580645 0.23813355 0.228739   0.21742424 0.25733138 0.5469697
 0.57404692 0.57331378 0.46742424 0.27052786 0.23636364 0.20546933]","[ 9.26478386  8.88774776 12.67186356 10.61384869 11.89448929 12.72616482
 11.52527237 11.50099182 12.86513805 10.43029499  9.51697731 10.05504799]","[0.70728456 0.7        0.70178688 0.7        0.7        0.7
 0.83904749 0.81514582 0.79263466 0.7        0.7        0.72012302]","[10.7313135   9.85500176 13.77904732 11.69742547 11.89448929 12.72616482
 11.52606144 11.50099182 13.6918851  12.07369984 11.28520832 11.14750331]","[ 7.41182709  7.11019821 10.13749084  8.49107895 11.89448929 12.72616482
 11.52527237 11.50099182 10.29211044  8.34423599  7.61358185  8.04403839]","[ 8.38349201  7.93363928 11.22345077  9.45298291 11.89448929 12.72616482
 11.52539937 11.50099182 10.99710586  9.46307515  8.71506979  8.91262679]","[2.48387215 1.48296351 1.91358071 1.72524133 1.19095188 2.41570495
 1.3016526  1.44363103 9.77886468 4.62491528 6.74351847 4.34534388]",[0.23067237 0.33966034 0.53903162 0.23755264],[10.30343723 12.06575871 11.89544106 10.02437973],[0.7        0.86775492 0.99       0.7       ],[11.47698138 12.06575871 11.89544106 11.20253244],[ 8.24274979 12.06575871 11.13719912  8.01950378],[ 9.21301926 12.06575871 11.14478153  8.97441238],[1.92427936 1.08328047 5.10042884 4.95096171]
02233460,0.20195694716242663,19.653862,0.001,393.0772399902344,19.65386199951172,20.02728537750244,3.845920062079602,"[0.22653959 0.23411102 0.23093842 0.2219697  0.25953079 0.55075758
 0.58211144 0.5813783  0.4719697  0.27346041 0.24242424 0.20325203]","[ 9.51630402  9.11473942 12.70638752 10.52458191 11.99879837 12.78291321
 11.38093853 11.35549545 12.81584454 10.71438122  9.43145943 10.2371788 ]","[0.7        0.82238128 0.7        0.7        0.85588943 0.87160025
 0.72399008 0.7        0.7        0.7        0.73310774 0.7       ]","[11.11785365  9.65149273 14.19135439 11.66686571 11.99880992 12.78291321
 11.38100733 11.35549545 13.87216634 11.76252945 11.24773311 11.8499211 ]","[ 7.61304321  7.29179153 10.16511002  8.41966553 11.99879837 12.78291321
 11.38093853 11.35450993 10.25267563  8.57150497  7.54516754  8.18974304]","[ 8.66448634  7.71091863 11.37298333  9.39382558 11.99880004 12.78291321
 11.38095752 11.35480558 11.33852284  9.52881232  8.53335364  9.28779646]","[ 2.35571289  1.23807129  1.91614623  1.94994862  1.5378633   2.58186536
  1.34953597  1.94266351 10.38455861  4.28972936  7.58138714  3.93741547]",[0.23042055 0.34315684 0.54594862 0.23978202],[10.48681831 12.09931183 11.77630997 10.15470409],[0.7        0.93010867 0.99       0.7       ],[11.53884767 12.09931183 11.77630997 11.48216464],[ 8.38945465 12.09931183 11.77630997  8.12376328],[ 9.33427256 12.09931183 11.77630997  9.13128369],[1.83148669 1.30590136 5.46871382 5.01089888]
02233473,0.20602739726027397,17.957676,0.9820127105745896,18.252829025026898,0.18716202549098096,17.92787664404316,1.9248364913826908,"[0.23607038 0.24698311 0.23900293 0.23484848 0.27492669 0.57045455
 0.60117302 0.60483871 0.49772727 0.28519062 0.25681818 0.2165558 ]","[ 8.97294521  8.60219383 12.24966908  9.89713287 11.26041794 12.33301544
 11.00017643 10.86583138 12.14500713 10.16158104  8.90714264  9.57674503]","[0.7        0.70559786 0.71311442 0.71326202 0.7        0.7
 0.99       0.7        0.7        0.83003028 0.7        0.7       ]","[10.3844172   9.76297898 13.3192306  11.01822763 11.26041794 12.33483575
 11.00017643 10.86583138 12.71242892 10.57457748 10.65792404 11.48727601]","[ 7.17835617  6.88175507  9.79973526  7.91770884 11.26041794 12.33301544
 11.00017643 10.86583138  9.71600571  8.12926483  7.12571411  7.66139603]","[ 8.14017448  7.72999356 10.80942772  8.80674535 11.26041794 12.33356153
 11.00017643 10.86583138 10.61493267  8.54489395  8.18537709  8.80916002]","[ 2.59341776  1.41100492  2.24313815  2.15044759  1.43500152  2.18129726
  1.00525214  1.46709202 10.57111894  4.72290581  7.43290791  4.09657663]",[0.24049358 0.35914086 0.56867589 0.25291058],[ 9.97230721 11.52818489 11.27876759  9.57723999],[0.7        0.99       0.74744287 0.7       ],[11.24549959 11.52818489 11.64555308 10.98512582],[ 7.97784576 11.52818489  9.71986665  7.66179199],[ 8.95814191 11.52818489 10.20621249  8.65879214],[1.98966069 0.83035836 5.45747717 5.10424215]
02234308,0.20759221678405157,18.746262,0.001,374.92523193359375,18.438346532550618,18.79483341795166,2.9831765410453706,"[0.23387097 0.23652454 0.22947214 0.22424242 0.26026393 0.55
 0.57917889 0.58431085 0.47575758 0.271261   0.24242424 0.20694752]","[ 9.32055092  9.17149448 12.93458843 10.50718689 11.93549442 12.63980675
 11.23772049 11.26943302 12.68501186 10.74774551  9.15421867 10.09684658]","[0.7176762  0.7        0.7        0.71651869 0.99       0.7
 0.99       0.99       0.7468441  0.7        0.7        0.7       ]","[10.14214346  9.97566596 14.334947   11.63562422 11.93549442 12.63980675
 11.23772049 11.26946257 13.34767358 12.29564246 11.33628709 11.68948876]","[ 7.45644073  7.33741345 10.34767075  8.40575028 11.93549442 12.63980675
 11.23772049 11.26943302 10.14800949  8.59819641  7.32337494  8.07747726]","[ 8.21467853  8.12888921 11.54385362  9.32135917 11.93549442 12.63980675
 11.23772049 11.26943332 10.95802332  9.70743023  8.52724858  9.16108071]","[2.9873476  1.17194303 1.81438361 1.99063472 1.59232013 2.34177853
 1.36556581 2.1337613  9.50510898 4.31975874 7.28082523 4.00224303]",[0.23319063 0.34390609 0.54718379 0.24027743],[10.49481678 11.99980259 11.65947056 10.03415775],[0.74309642 0.7        0.99       0.7       ],[11.54884219 11.99980259 11.65947056 11.59621582],[ 8.39585342 11.99980259 11.16139161  8.0273262 ],[ 9.20586752 11.99980259 11.16637239  9.09799309],[1.78903184 1.19022266 5.03710598 4.86749677]
02234324,0.2139724630290668,18.24689,0.008815634598147899,91.3248542089433,17.395395210060034,18.047130306632944,2.1065412957929452,"[0.23753666 0.24054706 0.23753666 0.23181818 0.26759531 0.56893939
 0.59530792 0.59897361 0.49393939 0.28005865 0.25       0.2165558 ]","[ 9.15970612  9.03028488 12.49047852 10.14670944 11.51273441 12.25747395
 10.91134071 10.93073368 12.21990776 10.49874401  8.98410416  9.58863926]","[0.7        0.7        0.7        0.72058165 0.7        0.87765286
 0.77561962 0.7651873  0.7        0.7        0.7        0.70360284]","[10.37972089 10.08984354 13.71508252 10.92652049 11.51273441 12.25747395
 10.91134071 10.93152679 13.30871866 11.68709265 10.9148872  10.80605611]","[ 7.32776489  7.22422791  9.99238281  8.11736755 11.51273441 12.25747395
 10.91134071 10.93073368  9.77592621  8.39899521  7.18728333  7.67091141]","[ 8.24335169  8.08391259 11.10919273  8.90229642 11.51273441 12.25747395
 10.91134071 10.93091991 10.83576395  9.38542444  8.30556449  8.6001594 ]","[2.75995684 1.04298129 2.09307969 2.36186261 1.70391461 2.06188822
 1.17677947 2.20993717 9.93085446 4.16880241 7.609197   4.30312008]",[0.23847897 0.35514486 0.56348814 0.24894724],[10.25841045 11.61209869 11.29232693  9.73606586],[0.81411639 0.89177454 0.99       0.7       ],[11.1267246  11.61209869 11.29326551 11.14262907],[ 8.20672836 11.61209869 10.5438444   7.78885269],[ 8.7495078  11.61209869 10.55133861  8.79498561],[1.9092838  1.02542333 5.30264122 4.97711612]
02234990,0.2170503157465879,17.32667,0.9703205894347317,17.861256277567282,0.31034914564487326,17.34035569900606,5.175628825174436,"[0.24633431 0.25744167 0.24853372 0.23787879 0.27639296 0.57727273
 0.62463343 0.62683284 0.51363636 0.2888563  0.26060606 0.22320769]","[ 9.01810074  8.72569561 12.11853409  9.97151566 11.09190559 11.80265713
 10.24656868 10.36956215 11.36749268  9.72588062  8.24492931  9.3274889 ]","[0.7        0.7        0.7        0.7        0.7621143  0.99
 0.99       0.81651661 0.7        0.7        0.7        0.7       ]","[10.36707883  9.50291744 13.95228874 10.84313989 11.69043264 11.80265713
 10.24656868 10.37162333 13.01042677 10.32890916  9.87193153 10.10365731]","[ 7.21448059  6.98055649  9.69482727  7.97721252  8.96020596 11.80265713
 10.24656868 10.36956215  9.09399414  7.7807045   6.59594345  7.46199112]","[ 8.16026006  7.73726477 10.97206571  8.83699073  9.60968785 11.80265713
 10.24656868 10.36994034 10.26892393  8.5451659   7.57873987  8.25449098]","[2.76280498 1.50460475 2.2323414  2.27262297 2.23509976 1.94923826
 1.05110547 2.48971604 8.2774057  4.06052646 7.36655067 4.77008679]",[0.25056661 0.36288711 0.58917984 0.25761704],[ 9.98039055 11.2225256  10.60931301  9.12033939],[0.71538565 0.7        0.7        0.7       ],[10.90122027 11.2225256  10.95270571 10.51386756],[ 8.4105791  11.2225256   9.60233542  7.29627151],[ 9.11945132 11.2225256  10.00744651  8.26155033],[2.25574797 1.12719522 4.52276637 4.82584793]
02234344,0.21819314641744547,18.385273,0.9902012363990095,18.385272979736328,0.47103422135568995,18.209735589051252,6.6188984167822795,"[0.24046921 0.24296058 0.23973607 0.23560606 0.27199413 0.57272727
 0.60483871 0.60410557 0.50227273 0.2829912  0.25530303 0.2187731 ]","[ 9.00150108  8.92474174 12.37927437  9.97226524 11.2524004  12.22690964
 10.71858215 10.77342606 12.02452564 10.4744339   8.93829346  9.44660282]","[0.7        0.81768738 0.70000054 0.7356123  0.7        0.7844974
 0.99       0.7        0.7        0.70565338 0.7        0.7       ]","[10.27607499  9.52415518 13.89875892 10.50817727 11.2524004  12.22690964
 10.71858215 10.77342606 13.04323379 11.34882992 10.68477335 10.82827484]","[ 7.20120087  7.1397934   9.90342316  8.30958878 11.2524004  12.22690964
 10.71858215 10.77342606  9.61962051  8.38088197  7.15063477  7.55728226]","[ 8.1236631   7.57449263 11.10202174  8.89086853 11.2524004  12.22690964
 10.71858215 10.77342606 10.6467045   9.25448743  8.21087634  8.53858003]","[ 2.65003065  1.18472638  1.94429211  2.60774187  1.85138141  2.12269068
  1.090666    2.280092   10.53405944  4.1206256   7.86901182  4.14682192]",[0.24099723 0.35914086 0.57114625 0.25241516],[10.13143826 11.48787117 11.11262703  9.66784096],[0.84935307 0.99       0.96761308 0.7       ],[10.44778801 11.48787117 11.11262703 11.03016263],[ 8.1051506  11.48787117  9.89369208  7.73427277],[ 8.45806174 11.48787117  9.93316962  8.72303972],[2.23342564 1.07516438 5.62948261 5.02046431]
02234998,0.1954337899543379,18.426401,0.9875731899005997,18.653219128307853,0.18426401138305665,18.42370893033548,1.138772395541837,"[0.24633431 0.25744167 0.24853372 0.23787879 0.27639296 0.57727273
 0.62463343 0.62683284 0.51363636 0.2888563  0.26060606 0.22320769]","[ 9.01810074  8.72569561 12.11853409  9.97151566 11.09190559 11.80265713
 10.24656868 10.36956215 11.36749268  9.72588062  8.24492931  9.3274889 ]","[0.70661042 0.7        0.7        0.7        0.70408058 0.75160434
 0.7        0.80981012 0.7        0.7        0.7        0.7       ]","[10.42838012  9.60815741 13.4944665  10.82394123 11.76874901 11.80265713
 10.24656868 10.37046838 11.88656338 10.78738637  9.78100139 11.27833855]","[ 7.21448059  6.98055649  9.69482727  7.97721252  8.87352448 11.80265713
 10.24656868 10.36956215  9.09399414  7.7807045   6.59594345  7.46199112]","[ 8.15740521  7.76883677 10.83471904  8.83123114  9.73027764 11.80265713
 10.24656868 10.36973451  9.93176491  8.68270906  7.55146083  8.60689535]","[2.72057913 1.43239015 2.43671819 2.2835834  2.25418705 1.94923826
 1.05110547 2.48955579 8.54162525 3.84980846 7.41107018 4.05749226]",[0.25056661 0.36288711 0.58917984 0.25761704],[ 9.98039055 11.2225256  10.60931301  9.12033939],[0.7        0.7        0.92985041 0.7       ],[11.2686982  11.2225256  10.60931301 10.51386756],[ 7.98431244 11.2225256   9.61073526  7.29627151],[ 8.96962817 11.2225256   9.68078508  8.26155033],[2.08974086 1.12719522 4.53955245 4.82584793]
02234400,0.21110417966313164,18.463654,0.9875652973698863,18.641326842767704,0.24209050330043794,18.41253781026525,7.473092377896072,"[0.23460411 0.24135157 0.23167155 0.2280303  0.26099707 0.54469697
 0.57624633 0.57111437 0.47651515 0.27932551 0.24242424 0.20990392]","[ 9.34808922  9.18484211 12.92759323 10.38759613 11.4033699  12.72529125
 11.08823013 11.2997694  12.65630627 10.69459248  9.41592216  9.79547405]","[0.7        0.72465283 0.7        0.7        0.99       0.99
 0.92170412 0.99       0.7        0.90640585 0.7        0.7       ]","[10.1452599   9.92400414 14.56402105 11.32549943 11.4033699  12.72529125
 11.08897634 11.2997694  13.81602306 10.98189995 11.3605862  11.15443924]","[ 7.47847137  7.34787369 10.34207458  8.3100769  11.4033699  12.72529125
 11.08823013 11.23978681 10.12504501  8.55567398  7.53273773  7.83637924]","[ 8.27850793  8.05720392 11.60865852  9.21470366 11.4033699  12.72529125
 11.08828856 11.24038664 11.23233843  8.78275454  8.68109227  8.83179724]","[ 2.71371397  0.97407624  2.17469228  2.62035604  2.3656838   2.31125821
  1.30117614  3.11282939 10.89828289  4.09199602  7.79717989  3.70035913]",[0.23570889 0.34365634 0.54199605 0.24399306],[10.50423145 11.871912   11.6128931  10.01994801],[0.7        0.83129522 0.7        0.7       ],[11.72892449 11.871912   11.98547953 11.49498754],[ 8.40338516 11.871912   10.7295001   8.0159584 ],[ 9.40104696 11.871912   11.10629393  9.05966714],[1.7864642  1.39396604 5.96268357 4.79969457]
02234635,0.1908675799086758,18.732351,0.996219302268997,18.782066621272385,0.2052000941061528,18.71183310414398,2.5812076966381152,"[0.24706745 0.25824618 0.24266862 0.22575758 0.27199413 0.56439394
 0.58651026 0.60190616 0.49015152 0.2888563  0.25530303 0.22468588]","[ 9.31873035  9.22541142 12.58905029 10.47525692 11.54540253 11.97867012
 10.68740368 10.74922371 11.56285954  9.67297459  8.44725227  9.3960228 ]","[0.7        0.7        0.74187485 0.73592251 0.7        0.81728521
 0.70523574 0.7        0.7        0.7        0.7        0.7       ]","[10.29553794 10.18546831 14.09937154 11.19239417 12.12627867 11.97878656
 10.68740368 10.74975442 12.1918339  11.02713772 10.33181662 10.89831235]","[ 7.45498587  7.38032913 10.07124023  8.38020554  9.23632202 11.9786687
 10.68700821 10.74922338  9.35711373  7.73837967  6.75780182  7.51681824]","[ 8.30715149  8.22187089 11.11100222  9.12284125 10.10330902 11.97869023
 10.68712478 10.74938269 10.20752978  8.72500708  7.83000626  8.53126647]","[2.88090755 1.10850568 2.08525692 2.89593785 2.8667139  1.8211465
 1.50519224 4.15468203 8.67852184 3.31979674 7.068882   3.72684191]",[0.24905565 0.35314685 0.56027668 0.2563785 ],[10.38295746 11.5481472  10.95952606  9.19252682],[0.7  0.99 0.7  0.7 ],[11.54029621 11.5481472  11.23332893 10.5443718 ],[ 8.30636597 11.5481472  10.0066953   7.35402145],[ 9.27654504 11.5481472  10.37468539  8.31112656],[1.88166933 1.64251862 5.02024752 4.47231636]
02234384,0.20675508062207804,18.971697,0.017281876585613094,79.7962319980896,18.16989861294508,19.234917300930995,2.445285594969222,"[0.23607038 0.2461786  0.23313783 0.225      0.25219941 0.53257576
 0.56231672 0.56158358 0.47121212 0.27492669 0.24393939 0.21286031]","[ 9.39306641  9.21652222 12.94538784 10.49199486 11.62992573 12.8475008
 11.22424221 11.42886353 12.72204494 10.67700672  9.1869173   9.79307938]","[0.7        0.80894363 0.80952458 0.7        0.7        0.75938031
 0.8450047  0.99       0.7        0.7        0.81033918 0.7       ]","[10.77235361  9.75442662 13.9909838  11.7171795  11.62992573 12.8475008
 11.2244792  11.42886353 13.78452874 11.64947511  9.58252309 11.68803321]","[ 7.51445312  7.37321777 10.35631027  8.39359589 11.62992573 12.84749193
 11.22424221 11.42886353 10.17763596  8.54180167  7.34953384  7.8344635 ]","[ 8.49182327  7.82816289 11.04862626  9.39067097 11.62992573 12.84749406
 11.22427894 11.42886353 11.25970379  9.4741037   7.77304442  8.99053441]","[ 2.39247875  0.93270759  2.30085175  2.62923757  3.11194648  2.33520818
  1.4353416   3.94743559 10.40261292  4.17050892  8.4842597   3.39163205]",[0.23822715 0.33566434 0.53236166 0.24399306],[10.5300808  12.01533413 11.72929001  9.93144321],[0.7  0.99 0.9  0.7 ],[11.29080815 12.01533413 11.72929001 11.21018949],[ 8.42406464 12.01533413 11.17075239  7.94515457],[ 9.28408769 12.01533413 11.22660615  8.92466505],[2.09565453 1.70828138 5.90348779 4.95053436]
02234365,0.18684931506849314,19.836678,0.999,19.83667755126953,1.6576078078944105,19.818498481526156,3.028618891421897,"[0.22727273 0.23652454 0.22580645 0.20984848 0.23826979 0.51515152
 0.53739003 0.53665689 0.45227273 0.26686217 0.23106061 0.20177384]","[ 9.79993153  9.68767071 13.41018295 11.12941837 12.35322475 13.24384308
 11.66656971 11.95306206 13.19729424 10.9076767   9.64394093 10.40795231]","[0.72716028 0.7        0.81172568 0.72491733 0.7        0.7
 0.99       0.989994   0.7        0.7        0.77793337 0.7       ]","[10.37000774 10.44843818 14.03512688 11.46682747 12.35322475 13.24384308
 11.66656971 11.95330444 14.04294631 12.19273514 10.70231749 12.34992518]","[ 7.86197634  8.1041837  10.72814636  9.95387951 12.35322475 13.24384308
 11.66656971 11.95306206 10.55783539  8.72614136  7.71515274  8.32636185]","[ 8.54626692  8.80746005 11.35076586 10.37006527 12.35322475 13.24384308
 11.66656971 11.95306448 11.60336866  9.76611949  8.37850235  9.53343085]","[ 2.67251297  0.72496654  2.11223983  2.8228152   3.48655562  2.71287845
  1.83974201  4.51039756 10.40099575  4.07225377  8.14935637  3.08556345]",[0.22966507 0.32017982 0.50938735 0.23334159],[10.98299503 12.56120205 12.2114563  10.35368061],[0.7  0.7  0.99 0.7 ],[11.9518234  12.56120205 12.2114563  11.79961358],[ 8.78639603 12.56120205 11.6196471   8.28294449],[ 9.73602424 12.56120205 11.62556519  9.33794522],[1.62870488 2.14957566 6.03881201 4.76328734]
022349993,0.19863013698630136,18.086689,0.9829042772630648,18.086688995361328,0.22077001346406042,17.781258198006267,2.228002293779311,"[0.25806452 0.27192277 0.25953079 0.24772727 0.28958944 0.60681818
 0.65322581 0.65835777 0.53560606 0.30938416 0.2780303  0.24168514]","[ 8.73532772  8.47940159 11.67862129  9.54263687 10.64015007 11.17998695
  9.68409252  9.84230328 10.78851509  9.0922966   7.7595787   8.65275192]","[0.7        0.7        0.7        0.7        0.8600213  0.93072238
 0.7        0.9537241  0.7        0.7        0.7        0.7       ]","[ 9.79351897  9.61859587 13.2332864  10.45860461 10.88284994 11.17998695
  9.68409252  9.84256316 11.8985879  10.85857816  9.31410831 10.24670634]","[ 6.98826218  6.78352127  9.34289703  7.6341095   8.55103798 11.17998695
  9.68409252  9.84230328  9.05488586  7.27383728  6.20766296  6.92220154]","[ 7.82983921  7.63404365 10.51001384  8.48145803  8.87744198 11.17998695
  9.68409252  9.8423153   9.90799647  8.34925954  7.13959657  7.91955298]","[3.07440595 1.25247799 2.42520919 2.65515128 2.80462034 1.55575269
 0.86572419 3.23775792 8.48529998 3.41517716 7.38861714 4.25420053]",[0.26290607 0.38036963 0.61660079 0.2764429 ],[ 9.65048313 10.68842506 10.0538435   8.52523708],[0.7        0.99       0.70005292 0.7       ],[10.92539229 10.68842506 11.2314928   9.9118809 ],[ 7.72038651 10.51066379  8.0430748   6.82018967],[ 8.68188824 10.5124414   8.99943147  7.74769704],[2.16833819 1.41076895 4.64163001 4.80710937]
02235000,0.22175176421751763,17.123686,0.9613785308953111,17.73783381877938,0.31405872421872766,17.064902027277757,5.040119103693631,"[0.25806452 0.27192277 0.25953079 0.24772727 0.28958944 0.60681818
 0.65322581 0.65835777 0.53560606 0.30938416 0.2780303  0.24168514]","[ 8.73532772  8.47940159 11.67862129  9.54263687 10.64015007 11.17998695
  9.68409252  9.84230328 10.78851509  9.0922966   7.7595787   8.65275192]","[0.7        0.7        0.71451737 0.73260646 0.73239847 0.7
 0.99       0.7        0.7        0.7        0.7        0.7       ]","[ 9.93637468  9.51131392 12.2254447  10.95716693 11.49740681 11.17998695
  9.68409252 10.26348224 11.88929636  9.7789577   9.30890743 10.04879568]","[ 6.98826218  6.78352127  9.42896677  7.6341095   8.51212006 11.17998695
  9.68409252  9.08706229  8.63081207  7.27383728  6.20766296  6.92220154]","[ 7.87269593  7.60185906 10.22731264  8.5226736   9.31098736 11.17998695
  9.68409252  9.43998828  9.60835736  8.0253734   7.13803631  7.86017978]","[2.98609161 1.31315131 3.00506913 2.41193023 2.68337579 1.55575269
 0.86572419 3.22743631 8.4879255  3.86012121 7.39112765 4.37210991]",[0.26290607 0.38036963 0.61660079 0.2764429 ],[ 9.65048313 10.68842506 10.0538435   8.52523708],[0.7        0.86494552 0.72699281 0.7       ],[10.93833267 10.68842506 10.58677732  9.91504014],[ 7.72038651 10.68842506  8.0430748   6.82018967],[ 8.68577036 10.68842506  8.73752389  7.74864481],[2.16072734 1.41072703 4.70951158 4.80540882]
02233475,0.21659278024065864,18.13277,0.9624381465392241,18.469529007388985,0.42696495642204396,17.791816860449902,5.999306035263549,"[0.23607038 0.24698311 0.23900293 0.23484848 0.27492669 0.57045455
 0.60117302 0.60483871 0.49772727 0.28519062 0.25681818 0.2165558 ]","[ 8.97294521  8.60219383 12.24966908  9.89713287 11.26041794 12.33301544
 11.00017643 10.86583138 12.14500713 10.16158104  8.90714264  9.57674503]","[0.7        0.7        0.7        0.71723808 0.7        0.99
 0.7        0.7        0.7        0.8694034  0.7        0.74524034]","[ 9.90555961  9.69143007 14.52277481 11.06594344 11.26041794 12.33301544
 11.00017643 10.86583138 13.18232072 10.86349096 10.70571817 10.95333793]","[ 7.17835617  6.88175507  9.79973526  7.9177063  11.26041794 12.33301544
 11.00017643 10.86583138  9.71600571  8.12926483  7.12571411  7.66139603]","[ 7.9965172   7.72465757 11.21664712  8.80790787 11.26041794 12.33301544
 11.00017643 10.86583138 10.75590021  8.48634546  8.19971533  8.50005004]","[ 2.87855042  1.45294989  1.79693561  2.11762554  1.43500152  2.18020597
  1.00525214  1.46709202 10.47158898  4.58372996  7.40855122  4.31044087]",[0.24049358 0.35914086 0.56867589 0.25291058],[ 9.97230721 11.52818489 11.27876759  9.57723999],[0.7  0.99 0.99 0.7 ],[11.24251397 11.52818489 11.27876759 10.99735336],[ 7.97784576 11.52818489 10.05355337  7.66179199],[ 8.95724623 11.52818489 10.06580551  8.6624604 ],[1.99137343 0.83035836 5.47835187 5.09794863]
02233484,0.2421124828532236,16.852497,0.9317474842255952,18.113468637206623,0.20273355514159222,16.891015908486796,6.46248654250276,"[0.271261   0.27353178 0.27272727 0.26363636 0.30645161 0.62348485
 0.66495601 0.68181818 0.56818182 0.33284457 0.28409091 0.25868441]","[ 7.53329992  7.88403177 10.60007095  8.82309246  9.97396851 11.20245266
  9.72808743  9.5519743  10.84133148  8.90405083  8.2238493   8.03517437]","[0.71132973 0.73000666 0.7        0.75650003 0.7244485  0.70743082
 0.84042124 0.90996343 0.7        0.7        0.7        0.7       ]","[ 8.43882807  8.87276692 11.64613313  9.43303319 10.3411586  11.20245266
  9.72808743  9.67793607 11.74669815 10.05962817  9.96256131  9.44712195]","[ 6.02663994  6.30722542  8.48005676  7.05847397  8.0374176  11.20245266
  9.7279603   7.64157944  8.67306519  7.12324066  6.57907944  6.4281395 ]","[ 6.72296694  6.99990454  9.42987967  7.63667906  8.67221689 11.20245266
  9.72798058  7.82492601  9.59515508  8.00415691  7.594124    7.33383423]","[ 3.24426531  1.82777948  3.07894823  2.58501857  1.93482153  1.55966308
  0.67955492  1.21270062 10.38248256  4.86128883  7.20987748  4.55032459]",[0.27247545 0.39685315 0.63908103 0.29204855],[ 8.69789124 10.3581953   9.98751831  8.42976665],[0.7        0.96131632 0.7081998  0.7       ],[ 9.97877179 10.39534164 10.68135123  9.80582779],[6.95831299 8.28655624 8.58536852 6.74381332],[7.86445063 8.36813181 9.1969767  7.66241766],[2.57365829 0.64802555 5.42990266 5.25743804]
02233500,0.24234518742276534,16.590422,0.9299463467745,18.044277204287116,0.17652543288595476,16.79257591777407,6.57276164927618,"[0.27419355 0.27514079 0.27492669 0.26590909 0.30791789 0.62651515
 0.66935484 0.68621701 0.57272727 0.33431085 0.28863636 0.2616408 ]","[ 7.46226835  7.84887218 10.53325939  8.74404335  9.91633892 11.13670254
  9.64116383  9.48291397 10.75135803  8.88660336  8.10037613  7.94223642]","[0.7        0.7        0.7        0.7        0.89887263 0.7
 0.85839162 0.78076113 0.8089743  0.7        0.7        0.7       ]","[ 8.38706056  8.07210026 12.12725032 10.16718473 10.12548604 11.13670254
  9.64116383 10.00709873 11.48270054 10.06860161  9.7990886   9.24251361]","[ 5.96981468  6.27909775  8.42660751  6.99523468  7.93307114 11.13670254
  9.64068666  7.69380084  8.6833737   7.10928268  6.4803009   6.35378914]","[ 6.69498844  6.8169985   9.53680036  7.9468197   8.1547843  11.13670254
  9.64075423  8.20096565  9.21811708  7.99707836  7.47593721  7.22040648]","[ 3.26519438  2.4179817   2.73656107  2.1971762   1.83984643  1.534872
  0.65707296  1.22144109 10.4026907   4.81645915  7.25013015  4.63236157]",[0.27474188 0.3991009  0.64352767 0.29502106],[ 8.63902378 10.29040909  9.90649414  8.35439682],[0.7        0.96016714 0.7        0.7       ],[ 9.88034226 10.35575432 10.73815916  9.79024526],[6.91121902 8.23232727 7.92519531 6.68351746],[7.801956   8.31690944 8.76908447 7.6155358 ],[2.60647827 0.65450638 5.433932   5.23266629]
02234180,0.17929984779299848,20.431171,0.6375947638250322,20.431171417236328,20.431171417236328,20.431171417236328,3.123629356342383,"[0.24560117 0.24698311 0.24046921 0.21893939 0.25439883 0.55
 0.55571848 0.56744868 0.49621212 0.30498534 0.25378788 0.22468588]","[ 8.73664761  9.18202591 12.37254715 10.5049305  11.48682022 12.06334496
 10.82950783 10.93237972 12.49588776 10.32711124  9.39247894  9.26190472]","[0.7        0.74678567 0.82680728 0.79163467 0.99       0.99
 0.99       0.970404   0.77040063 0.7        0.7        0.7       ]","[ 9.67557939  9.76621979 13.20893266 11.1153365  11.48682022 12.06336574
 10.82950783 10.93237972 13.14870993 11.45898156 10.94723599 10.43897506]","[ 6.98931808  7.34562073  9.89803772  8.4039444  10.45100067 12.06334496
 10.82950783 10.93237972  9.99671021  8.261689    7.51398315  7.40952377]","[ 7.79519648  7.9585511  10.47146062  8.9689045  10.46135887 12.06334516
 10.82950783 10.93237972 10.72040735  9.22087676  8.543959    8.31835916]","[ 2.57023205  0.97981008  1.09136762  2.86163377  3.76540281  2.27750691
  1.87324333  4.249645   10.40373141  4.24982951  7.676411    3.45114113]",[0.24427096 0.34015984 0.5402668  0.26133267],[10.10706615 11.58578587 11.36499023  9.72339153],[0.7  0.99 0.99 0.7 ],[11.11838643 11.58654504 11.36499023 11.05333717],[ 8.08565292 11.58578587 10.29709476  7.77871323],[ 8.99547297 11.58579346 10.30777371  8.76110041],[1.36812131 1.97471151 6.09754102 4.821137  ]
02235200,0.2242358934169279,17.021284,0.9716116533227546,17.70427856426023,0.3470916744025908,17.21153672548921,4.820132738507271,"[0.26539589 0.27353178 0.25513196 0.22954545 0.29325513 0.59621212
 0.62756598 0.63856305 0.52575758 0.31964809 0.27348485 0.25203252]","[ 8.99342823  8.93619251 12.13827324 10.39448738 10.42519569 11.24206829
  9.90727425  9.93317699 10.78381062  8.65533447  7.9533639   8.46090031]","[0.7        0.7        0.73010393 0.70000612 0.7192554  0.84230484
 0.7000071  0.98999988 0.70041311 0.7        0.7        0.70000243]","[ 9.76134804 10.03001683 13.1906022  11.81137001 11.62822146 11.24251981
  9.90727425  9.93318088 12.04940045  9.57230532  8.20317909  9.91427273]","[ 7.19474258  7.14895401  9.71061859  8.3155899   8.34015656 11.24206829
  9.90727425  9.83988061  8.62704849  6.92426758  6.36269112  6.76872025]","[ 7.96472422  8.01327286 10.64985248  9.36430254  9.26326303 11.24213949
  9.90727425  9.84081362  9.65234026  7.7186789   6.91483751  7.71237835]","[3.03920904 1.4673423  1.7797642  3.74134522 2.6584942  1.84313268
 1.35261994 4.15174054 7.75199579 3.24176636 7.70889339 3.86084371]",[0.26441702 0.37212787 0.59807312 0.28189249],[10.01718616 10.85041332 10.16786003  8.3743906 ],[0.7       0.99      0.7494605 0.7      ],[10.82650759 10.85041332 10.92435876  9.76874933],[ 8.01374893 10.85041332  8.48691315  6.69951248],[ 8.85757653 10.85041332  9.09758955  7.62028354],[2.0193247  2.01041744 4.63745045 4.38754226]
02246000,0.21944516018208365,17.62129,0.9605542267676104,18.22235224097418,0.2572548203538141,17.5137050820226,4.874174607250521,"[0.29985337 0.31295253 0.29032258 0.24469697 0.26319648 0.56666667
 0.58431085 0.60043988 0.4719697  0.29618768 0.27878788 0.28159645]","[ 9.29476833  9.40035725 11.86523724 10.42576313 10.22184467 11.38989544
 10.01926327  9.74845028 11.74349785  9.45561695  7.77836466  8.99428654]","[0.72766395 0.7        0.7        0.73141578 0.7        0.7
 0.70000024 0.7        0.7667428  0.7        0.7        0.7       ]","[10.80412111 10.05143765 13.0946269  11.33183291 10.63250802 12.52280625
 10.01926327 10.12717859 12.31254574 11.29445165  9.1118398  10.51322521]","[ 7.43581467  7.5202858   9.49218979  8.3406105   8.17747574  9.11191635
 10.01926327  9.00031311  9.48425399  7.56449356  6.22269173  7.19542923]","[ 8.35312593  8.27963135 10.57292092  9.14400564  8.91398542 10.13518332
 10.01926327  9.33837275 10.14397339  8.68348099  7.08943615  8.19076802]","[1.90131106 2.76846516 2.42371772 1.37274109 4.08485028 3.54297171
 0.77640901 1.84663166 6.82532545 6.06502672 3.66681723 4.98984271]",[0.30067993 0.35714286 0.55311265 0.28560812],[10.1816864  10.87888432 10.39997005  8.76784992],[0.7        0.75930744 0.7        0.7       ],[11.84077    11.61698949 11.56476185 10.25789225],[8.14534912 8.8531067  8.31997604 7.01427994],[9.25397538 9.51835274 9.29341179 7.98736363],[1.95021947 2.88362987 3.30015081 4.81193411]
02244320,0.19215442092154422,19.323626,0.999,19.323625564575195,0.2263754450691,19.30452831445569,1.7427413199895172,"[0.26539589 0.26709574 0.26173021 0.22878788 0.26686217 0.56212121
 0.54985337 0.57404692 0.51363636 0.34677419 0.27954545 0.25868441]","[ 9.06320572  9.26540279 12.10059261 10.33867836 11.21330738 10.58800411
 10.11167145 10.17966938 12.19821453  9.72555542  9.08503914  8.65852451]","[0.7        0.7        0.7        0.7        0.70970152 0.7
 0.99       0.87073393 0.7        0.7        0.7        0.7       ]","[10.27898777 10.65873019 13.21662807 11.09105711 12.33566159 10.58800411
 10.11167145 10.17967136 13.06725537 10.48496561 10.64078944 10.0431365 ]","[ 7.25056458  7.41232224  9.68047409  8.27094269  8.9706459  10.58800411
 10.11167145 10.17966938  9.75857162  7.78044434  7.26803131  6.92682263]","[ 8.15909153  8.38624462 10.74132028  9.11697702  9.94750486 10.58800411
 10.11167145 10.17966964 10.75117675  8.59180072  8.27985875  7.86171679]","[2.62326338 1.19769425 1.07954631 2.78830966 5.83834545 1.59340124
 1.98357814 2.53949034 7.80001909 2.78649441 8.58903752 3.83703506]",[0.26466885 0.35164835 0.54619565 0.29526876],[10.15880585 10.6961813  10.77558804  9.21396828],[0.71193982 0.73394695 0.7        0.7       ],[11.31329153 11.37283287 11.14422566 10.56817636],[8.12704468 8.55694504 9.94963863 7.37117462],[ 9.04487552  9.30612058 10.30801474  8.33027514],[1.41300964 2.91907226 4.4133672  4.88054008]
02244333,0.2534883720930233,15.561925,0.9307638708699171,16.72584357914358,0.3044060648936951,15.588886810905386,5.018839473156015,"[0.29765396 0.30490748 0.2829912  0.24621212 0.28445748 0.60075758
 0.59237537 0.61143695 0.56742424 0.37096774 0.30530303 0.28233555]","[ 8.15062046  8.32490635 11.20542622  9.82471466 10.13640499  9.74581623
  9.1796484   9.41540432 11.03058243  9.24427319  8.17150974  8.05457878]","[0.7        0.7        0.7        0.7        0.7        0.7
 0.96873509 0.99       0.71472906 0.7        0.7        0.7       ]","[ 8.82417296  9.38932824 12.32611666 10.98620971 11.43520549  9.74581623
  9.18003957  9.41540432 12.32634277 10.56627252  9.68284153  9.93919017]","[6.52049637 6.65992508 8.96434097 7.85977173 8.10912399 9.74581623
 9.1796484  9.41540432 8.82446594 7.39541855 6.53721826 6.44366302]","[7.21159935 7.47874603 9.97287368 8.79770312 9.10694844 9.74581623
 9.17966063 9.41540432 9.82344963 8.34667474 7.48090524 7.49232117]","[3.23858541 2.15979171 1.32007277 2.81355961 5.46023214 1.31875889
 1.6814586  2.0067987  6.9743673  2.97504767 7.44668078 4.14700326]",[0.29488794 0.37612388 0.59066206 0.31979192],[9.21399307 9.86347294 9.84170151 8.557374  ],[0.7 0.7 0.7 0.7],[10.41768247 10.83748931 10.70371921  9.93004494],[7.37119446 7.89077835 7.87336121 6.8458992 ],[8.28514086 8.77479164 8.72246861 7.77114292],[1.79944499 2.72432454 3.871318   4.69603476]
02245255,0.1784880771182141,20.926895,0.999,20.926895141601562,20.926895141601562,20.926895141601562,2.013890692885889,"[0.26099707 0.26709574 0.25       0.20075758 0.21480938 0.48106061
 0.46920821 0.521261   0.45227273 0.28958944 0.24924242 0.22985957]","[ 9.57863903 10.45370102 12.9129343  11.96089268 12.96249771 12.49170113
 11.52765942 11.11996269 14.26660347 12.00206947  9.53415012 10.05878448]","[0.7        0.71151483 0.99       0.7        0.7038621  0.7
 0.71804799 0.89365032 0.7        0.7        0.7        0.72815057]","[10.99883127 11.67754677 12.9129343  13.05986113 14.08840059 12.49170113
 11.52765942 11.11996269 15.51570678 12.52457074 10.66577804 11.72848589]","[ 7.70982781  8.36296082 12.9129343   9.56871414 10.36999817 12.49170113
 11.52765942 11.11996269 11.41328278  9.60165558  7.6273201   8.04702759]","[ 8.69652885  9.31916972 12.9129343  10.61605824 11.47115806 12.49170113
 11.52765942 11.11996269 12.64400998 10.47853013  8.53885748  9.04782992]","[2.31922057 1.75089454 1.02569433 1.12326484 3.563926   3.33827282
 2.74466156 2.58818695 7.77559159 4.61313901 3.65246822 4.63161313]",[0.25912868 0.29795205 0.4812253  0.2563785 ],[10.96592331 12.48942089 12.21825409 10.6336565 ],[0.84649186 0.71803826 0.90636038 0.7       ],[11.55166333 12.48942089 12.21828908 11.99019066],[ 8.86446984 12.48942089 12.10994498  8.5069252 ],[ 9.27697592 12.48942089 12.12009028  9.55190484],[0.98625573 2.54192488 4.64217433 3.88762325]
02245260,0.2066800602712205,18.920439,0.996188949487274,18.920438766479492,0.20085959850301388,18.849097504693358,4.3347464673936695,"[0.27052786 0.28077233 0.26392962 0.20984848 0.228739   0.51212121
 0.50953079 0.55645161 0.475      0.30571848 0.26363636 0.23798965]","[ 9.31029701  9.91659927 12.21288204 11.50822449 12.24259663 11.85786915
 10.81179619 10.54036045 13.36272335 11.09320545  8.96069622  9.68049908]","[0.7        0.7        0.82979794 0.70906805 0.75769628 0.7
 0.97128139 0.7        0.7        0.7        0.7        0.7       ]","[10.12654993 10.71371809 12.7320202  12.57943785 13.64903971 11.85804895
 10.81180178 10.54036045 15.22304073 11.538319   10.19977609 10.76958926]","[ 7.44823761  7.93327942  9.77030563  9.20657959  9.7940773  11.85751728
 10.81179619 10.54036045 10.69017868  8.87456436  7.16855698  7.74439926]","[ 8.25173131  8.76741102 10.27439557 10.18785182 10.72814902 11.85767678
 10.81179635 10.54036045 12.0500373   9.67369075  8.07792271  8.65195626]","[2.80330652 2.41441268 1.05800511 1.80941777 3.47578434 3.14776677
 2.02294126 2.23570735 7.43392997 4.9305527  3.90718329 5.56257696]",[0.27146814 0.31593407 0.51408103 0.26925935],[10.47590923 11.87619591 11.48138428  9.9920063 ],[0.7        0.70495095 0.7        0.7       ],[11.73990779 12.750884   11.53016127 11.40886888],[ 8.38072739  9.96993015 11.24022358  7.99360504],[ 9.38848151 10.79044793 11.32720489  9.01818419],[1.21331974 2.47110783 4.38900261 4.22903404]
02245328,0.17474302496328928,20.900484,0.9815111872525305,20.900484085083008,0.21381021344157056,20.51801204550226,2.2883117848040304,"[0.29545455 0.29847144 0.28079179 0.23181818 0.2441349  0.53333333
 0.5271261  0.55718475 0.4780303  0.32697947 0.28636364 0.27494457]","[ 8.68723297  9.95695305 12.07895756 10.62018299 11.43397141 11.07166767
 10.1554327  10.46805859 13.16186523 10.8390007   7.93749475  8.82410908]","[0.7585257  0.84067313 0.83630948 0.70585414 0.7        0.7
 0.7        0.90620728 0.7        0.7        0.71349088 0.7       ]","[ 9.61972228 10.62414985 12.81425871 11.58012959 12.17525268 11.52738539
 10.1554327  10.46805958 14.0452045  12.41691651  9.04205088 10.11431627]","[ 6.94978638  7.96556244  9.66316605  8.49614639  9.14717712 10.12196572
 10.1554327  10.46805859 10.52949219  8.67120056  6.3499958   7.05928726]","[ 7.59450728  8.38914684 10.17897004  9.40328729 10.05559979 10.54359162
 10.1554327  10.46805868 11.58420588  9.79491535  7.12129414  7.97579596]","[1.32810698 1.76667264 0.77335616 1.06006005 6.08757058 3.21731849
 1.89479984 2.06490051 7.44141199 5.76685878 2.83000943 3.84075222]",[0.29136238 0.33541459 0.52124506 0.2962596 ],[10.21713543 11.0586319  11.16711617  9.29526424],[0.7        0.72060481 0.7        0.7       ],[11.42915046 12.01690084 11.65301897 10.51155647],[ 8.22622472  8.84690552 10.0522088   7.4362114 ],[ 9.18710244  9.73258697 10.53245185  8.35881492],[0.9663373  3.28659686 4.22810157 4.37440122]
02246150,0.18447488584474886,19.697887,0.999,19.697887420654297,19.697887420654297,19.697887420654297,1.4705739156234812,"[0.2771261  0.28801287 0.26319648 0.22121212 0.22360704 0.48257576
 0.47360704 0.5058651  0.425      0.28445748 0.26060606 0.25055432]","[ 9.73159122 10.27407837 12.61222744 11.4055891  12.04484749 12.32861996
 11.05729294 11.66192436 14.7589159  12.33679581  8.93276405  9.94363976]","[0.785963   0.8596205  0.74001012 0.72978312 0.83589172 0.7
 0.77906427 0.72244357 0.72326799 0.7        0.7        0.7       ]","[10.38265016 10.27407837 13.42321716 12.30860363 12.94927901 13.43048924
 11.05729294 11.66192436 16.03170275 14.85382821 10.03017091 11.52742586]","[ 7.78527298  8.2192627  10.51773664  9.12447128  9.63587799  9.86292858
 11.05729294 11.66192436 11.80713272  9.86943665  7.14621124  7.9549118 ]","[ 8.34120779  8.50771669 11.27313219  9.9848776  10.17963454 10.93319678
 11.05729294 11.66192436 12.97620649 11.36475411  8.01139914  9.02666602]","[1.12442477 2.54418388 0.98702562 2.19070996 6.025117   3.54242578
 1.79140801 1.93461073 6.53436865 6.00844962 4.28302608 3.57897528]",[0.27574918 0.30819181 0.46862648 0.26529601],[10.85338116 12.04006481 12.3718977  10.48593903],[0.77953644 0.7        0.99       0.7       ],[11.58698156 13.20954343 12.3718977  11.91980364],[ 8.68270493  9.63205185 12.0855349   8.38875122],[ 9.3229921  10.70529932 12.08839853  9.44806695],[1.1894831  3.55644868 3.87237201 4.82771407]
02244473,0.18493150684931506,19.856451,0.9933335745312984,19.8564510345459,0.19856451034545897,19.725403199160123,1.7413535616478115,"[0.26466276 0.2775543  0.26392962 0.22424242 0.23167155 0.52651515
 0.54985337 0.56744868 0.46287879 0.29398827 0.25606061 0.22985957]","[ 9.72849274 10.37131405 12.67762947 11.38370228 12.270648   12.52146721
 10.53368664 10.40935421 12.35738182  9.87664604  8.7638216  10.05878639]","[0.7        0.72287751 0.79632367 0.72616576 0.7        0.7
 0.70000012 0.7        0.7        0.7        0.7        0.70873948]","[10.76281364 11.99973019 13.32280864 12.71485597 13.40438133 12.52146721
 10.53368664 10.40935421 14.06474883 11.54330136  9.88524952 11.26302168]","[ 7.78279419  8.29705124 10.14210358  9.10696182  9.8165184  12.52146721
 10.53368664 10.40935421  9.88590546  7.90131683  7.01105728  8.04702911]","[ 8.67680003  9.32314685 10.78993791 10.09492676 10.89287728 12.52146721
 10.53368664 10.40935421 11.13955847  8.99391219  7.87331495  8.98372077]","[2.90525974 2.14214645 1.35920348 2.99156573 2.99499197 3.92829161
 1.49595903 2.03912295 7.33375609 3.69535378 2.74346765 5.64528294]",[0.26844624 0.32642358 0.52742095 0.26009413],[10.93249035 12.20315266 11.01052189  9.57236958],[0.7  0.7  0.99 0.7 ],[11.70009462 13.09873647 11.01057526 10.89453262],[ 8.74599228  9.76252213 10.76955547  7.65789566],[ 9.63222298 10.76338643 10.77196567  8.62888675],[1.74767357 3.04323963 4.10017183 3.76492662]
02245050,0.20145044319097502,18.210999,0.9901538592564959,18.21099853515625,0.1821099853515625,18.033483561045923,1.709761773327091,"[0.3042522  0.30249397 0.2829912  0.25151515 0.26979472 0.57348485
 0.60923754 0.6356305  0.49393939 0.31818182 0.28257576 0.26533629]","[ 8.82954788  9.85393429 12.41020966 10.13393879 10.94779015 11.32075882
  9.71576405  9.19071007 11.26902771  8.60618496  7.55192471  8.91593456]","[0.71112288 0.7        0.7        0.7092906  0.7        0.7
 0.73945256 0.95254734 0.7        0.7        0.7        0.7       ]","[ 9.87436021 10.9756378  13.99336604 11.31600825 12.80616702 12.10346058
  9.71592344  9.19071007 12.81366025  9.81200147  8.86602468 10.30178615]","[7.06363831 7.88314743 9.92816772 8.10715103 8.75823212 9.41209975
 9.71576405 9.19057812 9.01522217 6.88494797 6.04153976 7.13274765]","[ 7.87559155  8.81089454 11.14772722  9.03999598  9.97261259 10.219508
  9.71580558  9.19058438 10.15475359  7.76306402  6.88888524  8.0834592 ]","[3.70204054 2.44922376 1.77412709 2.17938061 3.47348576 4.30603253
 1.00420649 1.10104085 7.13035492 4.29987325 2.79410986 5.4640886 ]",[0.29639889 0.36388611 0.5805336  0.28882834],[10.33108139 10.95612049  9.95300102  8.36429977],[0.7 0.7 0.7 0.7],[11.79816752 11.42543045 10.92032978  9.75157652],[8.26486511 8.78166427 7.96240082 6.69143982],[9.32485584 9.57479412 8.84977951 7.60948083],[2.26004283 3.62636111 3.70088792 3.96247536]
02245140,0.18561643835616437,20.083721,0.999,20.086622429271603,0.2563642098478601,20.066792171052178,1.7904338755843354,"[0.28592375 0.29042639 0.26686217 0.2280303  0.23753666 0.53257576
 0.53739003 0.57917889 0.46742424 0.30278592 0.27045455 0.24981523]","[ 9.00234985  9.94617653 12.56221008 10.97076893 12.48412514 12.12061691
 10.68735123 10.25036716 12.83080769 10.26887703  8.23373699  9.42522621]","[0.7        0.78907393 0.7        0.83634882 0.70441934 0.81010216
 0.83796914 0.99       0.7        0.7        0.7        0.7       ]","[10.06718976 10.83573346 13.93544827 11.47862975 13.30119146 12.12061691
 10.68735123 10.25036716 14.46521171 11.40487828  9.36644876  9.42522621]","[ 7.20187988  8.09252363 10.04976807  8.85658473  9.98730011 12.12061691
 10.68735123 10.25036716 10.26464615  8.21510162  6.58698959  7.54018097]","[ 8.06147285  8.67113809 11.21547213  9.28568549 10.96682229 12.12061691
 10.68735123 10.25036716 11.52481582  9.17203462  7.42082734  8.10569454]","[3.287523   1.79885973 1.10910099 1.36981845 4.46570426 3.44469281
 1.55940157 1.62073706 6.21954352 4.50395871 2.94733093 5.68896987]",[0.2807857  0.33166833 0.52865613 0.27446123],[10.47007275 11.94868374 11.14403057  9.35579109],[0.7        0.80363299 0.99       0.7       ],[11.92486915 12.58948535 11.14403057 10.75464006],[ 8.3760582   9.55894699 10.34844003  7.48463287],[ 9.44070148 10.15404475 10.35639594  8.46563503],[1.53448491 2.90344039 3.53526937 3.78453081]
02245500,0.21152610810314765,18.355877,0.9689535606068082,19.23307272674474,0.3525605704579249,18.64690005037216,5.011433530064425,"[0.30058651 0.30329847 0.27932551 0.24318182 0.25219941 0.56287879
 0.57771261 0.60117302 0.47954545 0.30498534 0.27878788 0.2623799 ]","[ 8.94874477  9.68260384 12.39513874 10.33752823 11.81419754 11.55387306
 10.14416599  9.79068851 12.00754738  9.334548    7.59851694  9.08872986]","[0.7218003  0.70000009 0.87094368 0.82634721 0.71481064 0.7
 0.7        0.7246644  0.72828297 0.7        0.7        0.7       ]","[ 9.77962074 10.57273913 12.39513874 10.78434058 13.4352017  12.70546258
 10.14416599  9.79068851 13.25082492 10.64501451  8.91083779 10.42309977]","[ 7.26351493  7.74608307  9.91611099  8.27002258  9.45135803 10.04697847
 10.14416599  9.79068851  9.79356759  7.4676384   6.07881355  7.27098389]","[ 7.96349482  8.59407964 10.23604518  8.70664093 10.58750788 10.8445237
 10.14416599  9.79068851 10.7329633   8.42085123  6.92842082  8.21661865]","[3.62228583 2.40828346 2.69263629 1.37548491 4.22876025 4.01216825
 1.10747262 1.24752638 6.46742501 4.5986487  2.97694677 5.00744689]",[0.29413246 0.35164835 0.55360672 0.2821402 ],[10.30982494 11.340168   10.54116249  8.6970377 ],[0.7       0.7       0.7003203 0.7      ],[11.72704003 11.95945368 11.37920205 10.24338985],[8.24785995 9.10492682 8.43292999 6.95763016],[9.29161398 9.96128488 9.31586791 7.94335806],[2.30931587 3.47049205 3.42213311 3.85110139]
02246318,0.20208939886966945,19.947535,0.96043805224891,20.665117267245645,0.5199788075846837,19.868136352066063,6.063076963178744,"[0.27639296 0.28881738 0.27199413 0.21363636 0.22947214 0.51060606
 0.50733138 0.50366569 0.41212121 0.26392962 0.24318182 0.25572801]","[10.10946751 10.21712494 12.20348454 11.86086655 11.50187778 12.64156818
 11.57581425 11.90883446 14.46618271 11.4327383   8.95131779 10.04007816]","[0.80814703 0.70516672 0.70206437 0.80168601 0.7        0.76060328
 0.7        0.7        0.7054945  0.7        0.7        0.7       ]","[10.49429017 11.69424973 13.26712145 11.86137871 12.55785267 13.46982828
 11.57581425 11.90883446 16.49644353 14.24327499 10.19068195 11.57276431]","[ 8.08757401  8.17369995  9.76278763 11.86086655  9.20150223 10.24177847
 11.57581425 11.90883446 11.57294617  9.14619064  7.16105423  8.03206253]","[ 8.54930965  9.2116752  10.80685353 11.86096812 10.20840736 11.01456302
 11.57581425 11.90883446 13.02294322 10.67531595  8.06994255  9.09427307]","[1.77827532 2.15020047 2.2200225  0.64322884 4.06997896 3.43314109
 1.31647174 2.82715789 5.31933575 7.00185081 3.51375034 4.4550166 ]",[0.27877109 0.31693307 0.47504941 0.25439683],[10.84617043 12.18697357 12.5124464  10.18795204],[0.7 0.7 0.7 0.7],[12.52206049 13.21037545 13.35508132 11.76689358],[ 8.67693634  9.74957886 11.10887641  8.15036163],[ 9.83047358 10.78781783 11.78273788  9.23532122],[1.54874964 2.76392504 3.16931369 5.14698146]
02246300,0.19073711676451402,19.490189,0.999,19.490188598632812,0.2290764969633196,19.470927486531146,1.5785558948966745,"[0.26832845 0.28399035 0.26466276 0.21136364 0.22140762 0.49545455
 0.49046921 0.48753666 0.39545455 0.25513196 0.23030303 0.25129342]","[10.55025196 10.51251507 12.60729504 12.15854645 11.74894905 13.15913773
 12.07634544 12.42136097 15.11824036 11.81058598  9.46041679 10.2821331 ]","[0.72687908 0.7        0.8339526  0.70000001 0.81024845 0.75565909
 0.7        0.99       0.7        0.7        0.7        0.7       ]","[11.77569045 11.19135471 13.22406138 12.15854645 12.54859918 13.93246386
 12.07634544 12.42165447 16.89738746 13.08763553 11.16810942 12.08009283]","[ 8.44020157  8.41001205 10.08583603 12.15854645  9.39915924 10.64792584
 12.07634544 12.42136097 12.09459229  9.44846878  7.56833344  8.22570648]","[ 9.35119335  9.24441485 10.6069302  12.15854645  9.99677036 11.45047286
 12.07634544 12.4213639  13.53543084 10.5402188   8.64826623  9.38202238]","[1.34252858 2.50428016 2.10598556 0.63734471 3.86349334 3.50486484
 1.70201825 3.00366157 5.09924234 7.72309851 3.27957676 4.39891517]",[0.2719718  0.30844156 0.45849802 0.24572703],[11.22550297 12.58825397 13.05549526 10.56650734],[0.7        0.71908905 0.7        0.7       ],[11.69788143 13.28081961 13.05549526 11.94530972],[ 8.98040237 10.17893154 13.05549526  8.45320587],[ 9.79564609 11.05028587 13.05549526  9.50083703],[2.11595521 2.7939591  3.15277516 5.27109335]
02246459,0.20696232713400095,20.392546,0.011074466486116152,407.8509140014648,19.030761018927183,23.336736772258853,20.924340576230776,"[0.26759531 0.28238134 0.26319648 0.20909091 0.22360704 0.49393939
 0.478739   0.48313783 0.39848485 0.26026393 0.23560606 0.24611973]","[10.22728252 10.2271595  12.4542551  11.81078815 11.69019032 12.77486897
 12.15218925 12.28949547 15.12297058 11.7876215   9.18919659 10.28431797]","[0.71414527 0.7        0.81047581 0.77256852 0.72116403 0.76586363
 0.7        0.99       0.77944589 0.7        0.7        0.72493835]","[11.40815703 11.77495099 13.15710014 11.81167463 13.34985771 13.32775681
 12.15218925 12.28949547 16.06409103 13.73844306 10.3559395  10.76228352]","[ 8.18182602  8.1817276   9.96340408 11.81078815  9.35215225 10.30715669
 12.15218925 12.28949547 12.24477741  9.4300972   7.35135727  8.22745438]","[ 9.10408801  9.25969462 10.56868675 11.81098977 10.46685635 11.01438904
 12.15218925 12.28949547 13.08714273 10.72260096  8.25273194  8.92468866]","[1.47474199 2.04107083 2.12535352 0.85684687 3.91775832 3.68939574
 1.61416019 3.38023722 5.26425542 7.31899161 3.24763128 5.44095953]",[0.27071267 0.30794206 0.45405138 0.24746099],[10.97094822 12.29075432 13.0515995  10.47760105],[0.75969305 0.82963422 0.91375752 0.7       ],[11.72022834 12.7795247  13.16521179 12.09156161],[ 8.77675858  9.83260345 12.03034495  8.38208084],[ 9.48409483 10.334658   12.12821868  9.49492507],[1.84677328 3.00148117 3.24738172 5.18802047]
02246828,0.18816936488169364,19.108118,0.9976391268535044,19.108118057250977,0.19699878388415945,19.063471303588308,1.9489473158792914,"[0.28225806 0.2928399  0.26906158 0.23257576 0.23680352 0.49015152
 0.48093842 0.52052786 0.43409091 0.28665689 0.275      0.26755358]","[ 9.33982372  9.632658   12.0947237  10.47838211 10.8914156  11.72711372
 10.52589035 11.01064205 14.44787788 12.13389397  8.35053444  9.03390598]","[0.7        0.7        0.7        0.72897866 0.81313289 0.76066159
 0.7        0.86883716 0.72365599 0.71078076 0.7        0.7       ]","[10.57077377 10.92554908 13.33399483 11.11149582 11.62546999 12.5287174
 10.52589035 11.01136391 16.58792116 13.76777295 10.05082075  9.63036558]","[ 7.47185898  7.7061264   9.67577896  8.60478462  8.71313248  9.38169098
 10.52589035 11.01045792 11.55830231  9.70711517  6.68042755  7.22712479]","[ 8.40153341  8.67195321 10.77324372  9.28415684  9.25735256 10.13489528
 10.52589035 11.01057675 12.94820737 10.88153552  7.69154551  7.94809702]","[1.27497085 2.15960622 1.03853879 1.60943697 5.19680778 4.35353913
 1.49064303 2.66490981 4.87629417 7.02674735 5.12602435 4.30266367]",[0.28103752 0.31893107 0.47900198 0.2764429 ],[10.34129333 11.21552944 11.86238861  9.89773369],[0.7        0.71298168 0.80329694 0.7       ],[11.40299642 12.82129197 12.3453058  11.5751779 ],[8.27303467 8.97242355 9.48991089 7.91818695],[ 9.21202319 10.07711928 10.0515758   9.01528423],[1.22666866 3.54373601 3.17366507 5.37615789]
02246832,0.18013698630136987,19.09983,0.001,19.099830627441406,19.097863754635558,19.097865721508366,1.0158781869888958,"[0.27052786 0.28077233 0.25953079 0.21515152 0.21407625 0.44469697
 0.4340176  0.47434018 0.40530303 0.27199413 0.25530303 0.24759793]","[ 9.72459316 10.0269928  12.52039623 11.3714962  11.54105568 12.64633751
 11.43298054 11.91174603 15.52259064 13.07220745  9.1113596   9.82746983]","[0.7        0.7        0.99       0.7        0.74198726 0.9282938
 0.7        0.99       0.7        0.7        0.7        0.7       ]","[10.69465185 11.01796864 12.52039748 11.3714962  12.32604914 12.64633751
 11.43298054 11.91174603 16.43253048 14.49814756 10.51556913 11.17317253]","[ 7.77967453  8.02159424 12.52039623 11.3714962   9.23284454 10.11707001
 11.43298054 11.91174603 12.41807251 10.45776596  7.28908768  7.86197586]","[ 8.65416772  8.92050656 12.52039625 11.3714962  10.03093072 10.29843417
 11.43298054 11.91174603 13.6224099  11.66988044  8.25703211  8.85533486]","[1.17389583 2.02017125 1.08536284 1.44678836 4.75219361 4.8280974
 2.11740288 2.84202388 4.8205595  6.99146607 6.13076384 3.15242224]",[0.26995719 0.29045954 0.43824111 0.25836017],[10.74628353 12.05751801 12.84093189 10.75025845],[0.84589688 0.7        0.7        0.7       ],[11.09879089 13.15878048 12.84093189 12.23836258],[ 8.59702682  9.6460144  12.84093189  8.60020676],[ 8.98255647 10.69984423 12.84093189  9.6916535 ],[1.06876485 3.68355168 3.1826288  5.5119392 ]
02246515,0.2226027397260274,18.157337,0.9675944710065884,19.16075344984877,0.4202572169875239,18.553457755823864,6.172068231321752,"[0.27565982 0.28801287 0.27052786 0.22121212 0.23460411 0.48636364
 0.47214076 0.51099707 0.42424242 0.27565982 0.25833333 0.25351072]","[ 9.49416161  9.71762371 11.98861313 10.8585577  11.28113651 12.0880146
 10.99328232 11.31474781 14.54723644 12.09483337  8.69268799  9.47200012]","[0.7        0.7        0.7        0.84382762 0.71079951 0.7
 0.99       0.73768809 0.7        0.70418495 0.7        0.7       ]","[10.24906014 10.43141931 13.41397515 11.26256105 12.59535835 13.11629706
 10.99328232 11.31474781 16.06254226 13.94783895  9.43873426 10.96890599]","[ 7.59532928  7.77409897  9.59089219  8.68684616  9.1630823   9.67041168
 10.99328232 11.31474781 11.63778915  9.6758667   6.95415039  7.5776001 ]","[ 8.39144854  8.57129507 10.73781708  9.08910169 10.15569823 10.70417729
 10.99328232 11.31474781 12.96521509 10.93958039  7.69952555  8.59499187]","[1.4413491  2.58219032 1.2323277  1.36638429 4.89350264 3.63347058
 1.76228024 2.705567   5.65462083 7.04117513 3.77750927 3.70129666]",[0.27776379 0.31318681 0.46961462 0.26257122],[10.40118885 11.5958271  12.15807819 10.15165997],[0.78721914 0.76189067 0.99       0.7       ],[11.29565873 12.20114852 12.15810629 11.8989852 ],[ 8.32095108  9.27666168 10.87207187  8.12132797],[ 8.95391192  9.97300928 10.88493221  9.25462514],[1.33537336 3.34513883 3.51467716 4.87742763]
02246520,0.20639269406392693,21.966616,0.999,21.970601076932535,13.464222739674147,21.962094698595276,4.925202276207287,"[0.26832845 0.28399035 0.26026393 0.21515152 0.22360704 0.45606061
 0.43475073 0.48680352 0.4030303  0.26686217 0.24924242 0.24981523]","[ 9.71557236  9.66979504 12.34075546 11.32300758 11.31544876 12.45578098
 11.80070686 11.90216446 15.38085842 12.9558754   9.29461193  9.6913929 ]","[0.73977968 0.7        0.7        0.70815623 0.77816988 0.79787223
 0.7        0.89865523 0.78313245 0.71762257 0.7        0.7       ]","[10.29367188 10.76881419 13.51852907 11.32300758 11.85280806 13.01748312
 11.80070686 12.07701905 16.68665971 14.14007249 10.87721039 10.57238453]","[ 7.77245789  7.73583603  9.87260437 11.32299229  9.05235901  9.96462479
 11.80070686 10.38301984 12.30468674 10.36470032  7.43568954  7.75311432]","[ 8.42852899  8.64572948 10.96638178 11.32299675  9.67358295 10.58169224
 11.80070686 10.5546978  13.25499449 11.43078021  8.4681458   8.59889538]","[1.44867258 2.26031201 1.69011555 0.86154116 4.70974658 4.61838828
 1.81198204 3.75157645 4.49478279 7.61715973 4.80282465 4.33741268]",[0.27046084 0.29745255 0.44194664 0.25538766],[10.56825352 11.89364052 12.90300274 10.71731949],[0.73271293 0.7        0.7        0.7       ],[11.13166116 13.36763028 12.90300274 12.24118533],[ 8.45460281  9.51491241 12.90300274  8.57385559],[ 9.17014589 10.67072777 12.90300274  9.67405451],[1.56363504 3.40492982 3.31229535 5.52541278]
02246359,0.18924849149753153,20.497402,0.9784261652877978,20.497403861309937,20.49740219116211,20.497403825278443,3.0611377924112477,"[0.26173021 0.28157683 0.25806452 0.20833333 0.21920821 0.48787879
 0.4728739  0.47507331 0.39166667 0.25293255 0.23484848 0.24464154]","[10.44128132 10.23508453 12.67897892 11.79111195 11.83981609 12.84869957
 12.23400879 12.50508213 15.40643406 12.16945934  9.22194004 10.27080536]","[0.7        0.7        0.7        0.85817045 0.7        0.7
 0.90714948 0.99       0.7        0.7        0.81733639 0.7       ]","[11.29348531 11.8353722  13.54762744 11.79123067 13.41667033 13.99762468
 12.23400879 12.50508213 17.274077   14.22172437  9.80231056 11.45260498]","[ 8.35302505  8.18806763 10.14318314 11.79108148  9.47185287 10.27895966
 12.23400879 12.50508213 12.32514725  9.73556747  7.37755203  8.21664429]","[ 9.23516313  9.282259   11.16451643 11.79110264 10.65529811 11.39455916
 12.23400879 12.50508213 13.80982617 11.08141454  7.82046717  9.18743249]","[1.54875515 1.98372516 2.11021154 0.81689657 3.8344278  3.58674992
 1.82110039 3.54667214 4.98794805 7.16276418 3.30270945 5.04701871]",[0.26668346 0.3041958  0.44713439 0.24424077],[11.11691856 12.36225224 13.23721218 10.60537624],[0.7  0.7  0.99 0.7 ],[12.89408452 13.44795165 13.23721218 12.09234458],[ 8.89353485  9.88980179 13.23721218  8.48430099],[10.09369975 10.95724675 13.23721218  9.56671407],[1.40791098 2.86024945 3.30319869 5.18840009]
02231280,0.1893984514592019,20.354132,0.8481347577995422,20.3541316986084,20.3541316986084,20.3541316986084,1.6287577544627558,"[0.25953079 0.28077233 0.25659824 0.20757576 0.22067449 0.48409091
 0.47067449 0.48313783 0.38863636 0.24266862 0.22424242 0.24611973]","[11.79094505 11.3308115  13.32512379 13.10696888 11.37408352 13.37726212
 12.32095432 13.00174999 14.7071209  12.3068924   9.67076778 10.49111748]","[0.72479041 0.7        0.77735945 0.7        0.77980869 0.99
 0.7        0.74468561 0.7        0.7        0.7        0.7080577 ]","[12.52942541 12.40725297 14.23028465 13.10995395 11.98034747 13.37726212
 12.32095432 13.00174999 16.04859231 13.79831813 10.50037378 11.73177804]","[ 9.43275604  9.0646492  10.66009903 13.10696888  9.09926682 13.37726212
 12.32095432 13.00174999 11.76569672  9.84551392  7.73661423  8.39289398]","[10.28498916 10.06743033 11.45496711 13.1078644   9.73365573 13.37726212
 12.32095432 13.00174999 13.0505654  11.03135518  8.56574209  9.36765546]","[0.89631984 1.98108907 1.64722137 1.48748983 4.2118022  3.87601911
 2.73987354 2.76813254 4.3389449  7.25844149 2.71354619 3.31779103]",[0.2651725  0.3031968  0.44812253 0.23780035],[12.14837646 12.81958675 13.24308586 10.86423969],[0.7        0.7        0.99       0.72217504],[13.22300708 13.34840249 13.24308586 11.62360647],[ 9.71870117 11.5078084  13.24308586  8.69139175],[10.76999294 12.05998663 13.24308586  9.5060342 ],[1.12185358 3.04441154 2.86917514 4.8399499 ]
02231268,0.18405977584059777,21.333176,0.999,21.333175659179688,0.21333175659179687,21.3120558152771,1.7182881313062743,"[0.26686217 0.28801287 0.26319648 0.21742424 0.21627566 0.475
 0.4611437  0.47947214 0.38560606 0.23680352 0.22954545 0.24538064]","[11.5427351  11.63073349 13.17776585 12.96993065 11.66779232 13.26425457
 12.80681801 13.33184338 14.90172958 13.1776104   9.60416508 10.82580376]","[0.8638145  0.7        0.77133313 0.99       0.99       0.83394958
 0.72798587 0.7        0.72729877 0.7        0.7        0.71167062]","[11.5427351  12.5158571  14.07296574 12.97142477 11.66902743 13.26425457
 12.80681801 13.33184417 15.91337256 14.57300862 10.75482913 12.37948388]","[11.5427351   9.30458679 10.54221268 12.96993065 10.84593793 13.26274924
 12.80681801 13.33184338 11.92138367 10.54208832  7.68333206  8.66064301]","[11.5427351  10.26796789 11.34957894 12.96994559 10.85416882 13.2629992
 12.80681801 13.33184362 13.01000394 11.75136441  8.60478118  9.7328941 ]","[0.75170339 1.85574639 2.02087584 1.01413164 3.68986313 3.20668304
 3.39849285 3.07994867 3.66708046 7.00143875 1.85940681 1.74745527]",[0.27222362 0.30194805 0.44268775 0.23730493],[12.11487198 12.8048439  13.59346771 11.23235798],[0.76038759 0.99       0.7        0.70858976],[12.62860742 12.8048439  13.59346771 12.70868284],[ 9.69189758 12.8048439  13.59346771  8.98588638],[10.3955697  12.8048439  13.59346771 10.07074738],[1.12509688 2.50301642 2.85410769 4.01926899]
